1,R' U' F R' F' R2 U R B' R' B
1,L U F' L F L2 U' L' B L B'
1,L U2 L2 B L B' U2 L' B L B'
1,R' U2 R2 B' R' B U2 R B' R' B
1,B U' B2 D' F R' F' D B2 U B'
1,L' B2 R2 B R' B L U2 B' R' B
1,F' U F2 D B' R B D' F2 U' F
1,R B2 L2 B' L B' R' U2 B L B'
1,L R' F R U2 F' U2 F' U2 F U2 L'
1,L R' F' L' U2 F U2 F U2 F' U2 R
1,L U F' L F L2 B' U' B L U' L'
1,R' U' F R' F' R2 B U B' R' U R
1,R' U' F R' F' R2 B U' L U L' B'
1,L U F' L F L2 B' U R' U' R B
1,L U F' L F L2 B2 R B R' U' B
1,R' U' F R' F' R2 B2 L' B' L U B'
1,R2 B2 L' B R' B2 L2 U L' U B' R'
1,L2 B2 R B' L B2 R2 U' R U' B L
1,L R' F R U2 B' R2 F' R2 B U2 L'
1,L R' F' L' U2 B L2 F L2 B' U2 R
2,B L' B' L U L2 F' L' F U' L'
2,F' L F L' U' L2 B L B' U L
2,B' R' B U2 F' U2 F U2 B' R B
2,F R F' U2 B U2 B' U2 F R' F'
2,L U L' B' R' U' F R' F' R2 B
2,L' U' L F R U B' R B R2 F'
2,L B' R2 F' R F2 R' F R2 B L'
2,L' F R2 B R' B2 R B' R2 F' L
2,R U2 L' B L U2 L' B' L U2 R'
2,L2 F2 R' F2 L' F R2 U2 R' F' L'
2,L2 B2 R B2 L B' R2 U2 R B L
2,R B R' U L U' L' R U B' U' R'
2,R' F' R U' L' U L R' U' F U R
2,L F L' U' B U L U2 F' U L' B'
2,L' B' L U F' U' L' U2 B U' L F
2,B U B' R' U R B2 L' B' L U' B'
2,L F U2 R' F R F2 L' U B' U B
2,B' U R B' R' B2 L2 F' L' F U' L'
2,F U2 B' R B2 U2 B' R' B U2 B' F'
2,F2 D B' R' B D' F' R U2 R' U' F'
2,B2 D' F R F' D B R' U2 R U B
2,B L B2 D2 F R D F2 D B U' R2
2,F' L' F2 D2 B' R' D' B2 D' F' U R2
2,B2 U L' D' R2 D' B' R' D2 L2 F' L'
2,F2 U' L D R2 D F R D2 L2 B L
3,B' F R F' U2 F R B' R B2 F'
3,L F2 L2 U2 L F L' U2 L2 F2 L'
3,R' F2 R2 U2 R' F R U2 R2 F2 R
3,B' U' R' U R B R B U B' U' R'
3,L U2 L F' L' F U F U F' U L'
3,F' L' U B' U B U' B' U2 B L F
3,F U R U' R' F' R B U B' U' R'
3,B L U L' U' B' R' U' F' U F R
3,L F R U2 R' U F' L' U B' U B
3,B' R B L' B R' B2 L U2 L' B L
3,R B R' U2 R B2 L' B R' B L B'
3,F R' F' R U F D B' R' B D' F'
3,F U F' L' U L2 D R' F' R D' L'
3,L F' L' F U2 L' B' R' U2 R B L
3,R2 D L' B' L D' R' U' R' F' U F
3,L U L' B' U' B' D' F R' F' D B2
3,R' F' U F U' R2 D L' B' L D' R'
3,R' U2 R B L F U2 F2 L F L2 B'
3,R U2 R' F' U F2 D B' R B D' F'
3,R' F2 L F L2 U2 L F R B U2 B'
3,L' D' R B R' D L2 U L' B' U2 B
3,B L U L' B' R2 D' L F' L' D R2
3,F2 D B' R' B D' F2 L' B' U B L
3,B F2 D2 B2 R' B2 D2 F L F L2 B'
3,B' D2 F2 R' F2 D2 B2 F' L F L2 B'
4,L R' F' R U2 R' F' L F' L2 R
4,F R2 F2 U2 F R' F' U2 F2 R2 F'
4,B' R2 B2 U2 B' R' B U2 B2 R2 B
4,L U F U' F' L' F' L' U' L U F
4,B' U2 B' R B R' U' R' U' R U' B
4,R B U' L U' L' U L U2 L' B' R'
4,R' U' F' U F R F' L' U' L U F
4,L' B' U' B U L F U R U' R' F'
4,B' R' F' U2 F U' R B U' L U' L'
4,L F' L' B L' F L2 B' U2 B L' B'
4,F' L' F U2 F' L2 B L' F L' B' L
4,F D B' R B D' F' U' R' F R F'
4,R' F R F' U' R' D' L F L' D R
4,B' R B R' U2 B L F U2 F' L' B'
4,F2 D' B L B' D F U F R U' R'
4,B' U' B L U L D R' F R D' L2
4,R B U' B' U' R D L' B L D' R2
4,F R U' R' U F2 D' B L B' D F
4,F U2 F' L' B' R' U2 R2 B' R' B2 L
4,F' U2 F R U' R2 D' L F' L' D R
4,F R2 B' R' B2 U2 B' R' F' L' U2 L
4,R2 D' L F L' D R2 B L U' L' B'
4,L' R2 D2 L2 F L2 D2 R' B' R' B2 L
4,F R2 B' R' B' D2 F2 L F2 D2 B2 F'
4,L D2 R2 F R2 D2 L2 R B' R' B2 L
5,B' F R B' R2 B R B' R B2 F'
5,B' R2 F R F' R U' R' U R B
5,L' U B L' B' L B' U2 B U L
5,R' F' L' U2 L F R' F R F' R
5,L R2 D2 L D2 L' R F' L' F R
5,F' L' U' L U L' U L F R U' R'
5,F D' F L F L' F' D F' R' F' R
5,R' F R' F2 U' F U R2 U' B U2 B'
5,B' U2 B U' L2 U F' L F L' U' L2
5,B2 U' B' R B R' U B2 U' L U2 L'
5,L' U2 R B U B2 R B R' U' L R'
5,R' U L U' R U2 L2 B L B2 U B
5,L U' F U R B U' B' R' F' U2 L'
5,B2 R' U F' U' F R B2 U' L U2 L'
5,B2 F2 L' F L' B' U2 L' B L' B2 F
5,R' U' R2 U2 B' D B U2 B2 D' B2 R'
5,F2 D L D' F D L' D' F2 R' F' R
5,R' D' F2 D F L' R2 U2 L R' U F
5,F' L' D F2 U F2 D' L' B L2 B' F
5,R' F' U B2 F' D2 F' D2 B2 F' U R
5,F2 L2 R2 B2 R' B2 L' R2 F L' F R
5,L' R' F2 L' B' R U2 R' B L2 F' R
5,F' L2 B L2 F L2 B2 R B' R' B2 L2
5,F D R' B2 R' D' R D B2 R D' F'
5,F R' F R' D2 L2 B2 L2 D2 R F2 R
6,L R' F' L F2 L' F' L F' L2 R
6,L F2 R' F' R F' U F U' F' L'
6,B U' L' B L B' L U2 L' U' B'
6,F' L F' L' F2 R U' B U' B' R'
6,R B R' U2 L U' L' U2 R B' R'
6,F R B U2 B' R' F R' F' R F'
6,F U F R' D R' D' R2 F' U' F'
6,B' R B R' U' B L U2 L' U' B'
6,F R' D' R' D2 L B2 L' D' R2 F'
6,B U B' U' B' U' R U B2 U' B' R'
6,B' F U' B U R U' B' U B R' F'
6,R B U' B2 U' B2 U B L' B2 L R'
6,L' B L F L' B' U R U' L R' F'
6,R' U' R B R B2 L' B2 L R' U B'
6,L2 U L F' L' F U' L2 U B' U2 B
6,L2 F L U R U' L' F' L2 F R' F'
6,F R2 F' R2 B R2 B' R' B R' U2 B'
6,B2 U' B L U' L' B' U B2 L U2 L'
6,B' F D' R' D B2 F' L U2 L' U' B'
6,F' U B2 L U B' L' B U' L' B2 F
6,L' F2 L2 R2 B2 F' R F' L2 R B2 L
6,R' F R' B R2 F2 U2 F2 R2 B' R2 F'
6,R' D' F L2 F D F' D' L2 F' D R
6,R2 B F' U2 L2 B D2 B' L' F L' B'
6,B' F' D2 L' B U2 B' L D2 B U2 F
7,F' U2 F U F' U L' U' L U F
7,L R' F L F L' F L F2 L2 R
7,B L' B' U B L B' U2 F U F'
7,B F' L2 F L2 B' L2 B L B' L
7,B F' U' F2 R' F' R2 U' R' U2 B'
7,B L F U' R' F R F2 U L' B'
7,L' U' F R2 D B' D' R2 F' U2 L
7,B U' R' U' R2 B' R' B2 U' B' U' B'
7,R B' R B R' B L U L' U B' R'
7,L' B' U' B U2 B L' B' L2 F U' F'
7,R' F R' F' R2 U2 B' F R B R' F'
7,B2 U B L' B L2 U L' U2 R B2 R'
7,R' D2 L U' F U F' U L' D2 U' R
7,B U2 B' R' U F2 L F L' U' F R
7,B D L B2 U F U' B2 F' L' D' B'
7,F U L2 R' D2 R' D2 L2 R' U R' F'
7,L' D F' D' L2 B L2 D F D' B' L
7,B L2 D' B R' U' R U B' D L2 B'
7,L' B R2 B2 U2 B U2 L2 B R2 B' L'
7,L' B L2 F2 R' D R F2 L2 B' U L
7,F R2 F' D2 B' F L2 D2 B R F' R
7,F D2 U' B2 U L U2 B2 D2 R U' F
7,F' U2 B' D2 L' B U2 B' L D2 B F
7,L' B' U2 B2 R2 F' L2 D2 F R2 B' L'
7,F' D2 B2 L2 F2 U2 B D2 B R F' R
8,F U2 F' U L' U' L U' F U' F'
8,R' U R U B U2 B' U2 R' U2 R
8,B' F R' B' R' B R' B' R2 B2 F'
8,L' R B2 R' B2 L B2 L' B' L B'
8,L' U' L' B2 D' B' D B' L U L
8,F' L F' L' F L' B' U' B U' L F
8,B' R B R2 F R U R' U' R' F' R2
8,R' B' F R' F' R2 F R2 F' R' B R
8,B L U L' U2 L' B L B2 R' U R
8,F' L' U' L U2 B L U L' U' B' F
8,R U R B' R D' R' D R' B U' R'
8,R B U' L B' U' B U B L' B2 R'
8,L U L' B2 U' R' U R2 B R' U' B
8,R' F' L2 R U' L U' R' F2 L F' R
8,L2 F' L' F L' B' R' U2 R2 B' R' B2
8,B' R B L B2 L2 B2 R' B2 L2 B2 L'
8,F L2 F' L' U2 L F2 R' F' L2 R F'
8,R2 F2 L F2 R F' L2 U' L U' F R
8,B2 R B R' U' B' F2 D2 B' D2 B' F2
8,L R' F2 R F D' L2 U' L2 D F L'
8,B U L' U' L2 D' B2 U2 B2 D L' B'
8,R' U' B2 F D2 F D2 B2 F U' F R
8,L' B' R B' L2 R F2 L B2 L2 R2 F2
8,R' D2 U L2 U' B' U2 L2 D2 F' U R'
8,R D2 L2 B2 R2 U2 L' D2 L' F' R F'
9,L' U' B' U B U' L U' L' U2 L
9,L U L' U' L' B L2 U L' U' B'
9,B U2 B2 F R' B R' B' R B F'
9,B L2 F' L D' L' D L' F L' B'
9,L' U R B L' B' D' B' D L2 R'
9,L F' L2 B L' D2 B D2 B2 L2 F
9,L F' U' F2 U' F2 U F L' F' U F
9,B' R B2 L' B R' B2 L U' L U' L'
9,R' F' L U L' U' F L' R B L B'
9,L' B L U' B D' U B U' B' D B'
9,L F U2 R' F R F2 L F' L' F L'
9,B L U' L' B F' L' B' L F U B'
9,L' U' L B U2 F U F' L' U2 L B'
9,F' L' U' L2 U2 B L B' U2 L' U' F
9,R B2 U B' U B R B' R' U2 B2 R'
9,L' U2 F R F' L B F U2 B' R' F'
9,F' L D' L' D' B2 D B' L B' D F
9,B' R' U R2 B2 L' B2 R' B L2 U' L'
9,R F R' U R F' L2 D' B' D L2 R'
9,B D' L B2 L F' L' B2 F L' D B'
9,L B R2 B' L2 U2 B' U2 B2 R2 B' L
9,L F2 R2 F2 L2 B R2 B R2 B' L R2
9,L' B' D L2 F U' F' U' L2 D' B2 L
9,F2 L2 B' R2 B2 F L' F L' B R2 B2
9,B L D' B2 U' R' U2 R B2 D L2 B'
10,B U L U' L' U B' U B U2 B'
10,B' U' B U B L' B2 U' B U L
10,L' U2 L2 R' F L' F L F' L' R
10,L' B2 R B' D B D' B R' B L
10,L2 R D' B D B L B' R' U' L
10,B' R B2 L' B D2 R D2 R2 B2 L
10,B' R U R2 U R2 U' R' B R U' R'
10,L' U' L' B L B' L2 F' L' F2 U' F'
10,B2 R B U B U' B' R' B2 L' B' L
10,L F' L2 B L' F L2 B' U B' U B
10,B2 U2 B' L B L' U' L U' B' L' B'
10,R B L' B L B' R' F R B' R' F'
10,B U B' L' U2 R' U' R B U2 B' L
10,R' U2 L F2 U F2 U' F' R' F' L' R2
10,F' L2 U' L U' L' F' L F U2 L2 F
10,B2 R B R2 U2 R B L F' L F L2
10,F' R' F U' F' R B2 D L D' B2 F
10,B U' F2 U R' D' L2 D' L' D2 R B'
10,R' U' F U' R' F' L D F2 D' L' R2
10,L' B2 D' B2 U2 B D B' U2 L2 U' L'
10,B' L' F2 L B2 U2 L U2 L2 F2 L B'
10,B' R2 F2 R2 B2 L' F2 L' F2 L B' F2
10,R2 B2 L F2 L2 R' B R' B L' F2 L2
10,L' B' D L2 U F U2 F' L2 D' B2 L
10,F' L' U2 F R' F D2 R' B2 D2 R2 F'
11,B' F2 R F' R F R2 F' R B F'
11,F R U R' U' R B' R B R2 F'
11,L' B' U' B2 L' B' L2 U' L' U2 L
11,L' U2 F' U' F2 R' F' R2 U' L R'
11,L' U2 L U F R B U B' R' F'
11,R' F2 L' R2 B L' B' L2 R2 F2 R
11,L' B' R2 D' R' D2 B' D' B2 L R'
11,F2 D B' R' B D' F' R U R' F'
11,L2 B2 R B2 L B L' B R' B2 L2
11,B U2 R' F2 D' L' D F2 R U' B'
11,F R2 B2 D2 B D2 R F' R2 B R'
11,L' R U B U' B U B2 U' B2 L R'
11,B L U' L2 U2 L2 U L2 U L U' B'
11,B' U2 B U' L2 U F U' F2 L' F L'
11,F2 U R' F' R F' R' F' R F2 U' F2
11,L2 U' L2 B L' B' L' B L' B' U L2
11,R B' R' B' R2 B2 U2 B U2 B R2 B2
11,F' L' B U L U' L' B' U2 L U F
11,R U2 F R2 U' R2 U R2 U F' U R'
11,B' R' U2 F R B' R2 F' R' B R' B
11,B2 L2 B R B' L2 R' B2 U' L U' L'
11,R2 F2 R F2 L' R2 B L' B R' B2 L2
11,F D' R B' F2 R B R' F2 R' D F'
11,F2 L2 R2 B' R' B L2 R' F2 L' U2 L
11,L2 F' L2 F R' F' D2 R2 B' R2 D2 R
12,L R2 F' R F' R' F2 R F' L' R
12,R' F' U' F U F' L F' L' F2 R
12,B L U L2 B L B2 U B U2 B'
12,B U2 R U R2 F R F2 U B' F
12,F R2 B F2 L' B L B2 F2 R2 F'
12,B L F2 D F D2 L D L2 B' F
12,R B U' B' R2 D' L F L' D R
12,R2 D' L F L' D R F' U' F R
12,L' U2 F R2 D B D' R2 F' U L
12,L F2 R2 D2 R D2 F' R F2 L' F
12,B F' U' L' U L' U' L2 U L2 B' F
12,L' B' U B2 U2 B2 U' B2 U' B' U L
12,L U2 L' U B2 U' R' U R2 B R' B
12,B2 U B2 L' B L B L' B L U' B2
12,R B L' U' B' U B L U2 B' U' R'
12,F2 L B L' B' F L' F U2 B' U2 B
12,R' F R B R' F2 L F' L' F2 R B'
12,R' F2 U F U' L U F' U' L' F2 R
12,B U2 L R B U B' U' L' R' U2 B'
12,L F U2 R' F' L F2 R F L' F L'
12,F D' R F U2 F' R' F U2 F' D F'
12,R2 B2 R' U2 R' U2 R B2 R2 F R F'
12,L2 B2 L' F' L B2 F L2 U B' U B
12,R2 B2 F2 L F L' B2 F R2 B U2 B'
12,F' U2 R' F2 D R2 U' R2 D' R U' F
13,L U F U' F2 L' F U F U' F'
13,B U' F' U B' U' L' U' L U F
13,F' L' B L F L' B2 U' B U L
13,B U B' L R2 F R F' L' U' R
13,B2 R B R2 U2 R U' B L U L'
13,R B U B2 D' B U' B' D B R'
13,F' U2 F U F' U F2 U R U' R' F'
13,B U R' U R U B U2 B' R B' R'
13,B' R B' R' B' U B2 U' B' R B2 R'
13,F R' F' R U2 R U2 B U B' U' R'
13,B' U' B2 L' B' L2 F' L F L' U' L'
13,L' F' L U' L' F L U F R' F' R
13,R B U2 L' U2 L U L' U L B' R'
13,L U2 L2 B L B' U' B' R' U' R B
13,L B' U2 B U2 B L2 B2 U' B U L
13,L' F D2 B' F' U' B U F D2 F' L
13,B2 L' D' B' U' B D L B2 L' U L
13,B2 D F' L2 F D' B' U' L U' L' B'
13,L' B' U' B U' L' D' R B2 R' D L2
13,R' D F' R2 U L' U' L R2 F D' R
13,L F2 D R2 F' R2 F R2 F D' F L'
13,L' R2 D B2 U B U' B D' R2 U2 L
13,L' D' B R2 D B D' B' R2 B' D L
13,R B R' F2 D' L' D F2 R U2 B' R'
13,F' L' U2 F R2 D B' D' R2 F' L F
14,B' U' R' U R2 B R' U' R' U R
14,L' U R U' L U B U B' U' R'
14,R' U F U F' U' R F' L F L'
14,R B L' B' R' B L2 U L' U' B'
14,L' U' L B' F2 R' F' R B U F'
14,L2 F' L' F2 U2 F' U L' B' U' B
14,L F' L F L U' L2 U L F' L2 F
14,R U B U' B' U2 R' U2 R' F R F'
14,R' F R F' U2 R U' R' U2 F' U F
14,L U L2 B L B2 R B' R' B U B
14,F' U2 F2 U F2 U F2 U' R U' R' F'
14,B R B' U B R' B' U' R' F R F'
14,F' L' U2 B U2 B' U' B U' B' L F
14,B' U2 B2 L' B' L U L F U F' L'
14,R B2 R' U2 L U' L2 B' L B' U' B2
14,F' U2 F R2 U R' F' U' F R U' R2
14,L F U' R U' R2 F' L F2 R F2 L2
14,B R' D2 L R U L' U' R' D2 R B'
14,F' R U' B2 F' L F L' B2 U R' F
14,F R2 D U B R B' R' D' U' R2 F'
14,L2 B D L U L' D' B' L2 B U' B'
14,B' R2 D' F2 R F2 R' F2 R' D R' B
14,B D L' F2 D' L' D L F2 L D' B'
14,R B U2 R' F2 D' L D F2 R B' R'
14,F' L' F R2 D B D' R2 F' U2 L F
15,B U L U' L2 B L B2 R' U2 R
15,L' B' R' U R B L U F U2 F'
15,F U F' U L' B' R' U2 R B L
15,L U2 L' B2 R B R2 U' R U B
15,B U2 B2 U' B2 L U' L' B2 U B
15,B' D' F R' F' D B2 L U L' B'
15,R' F' U F R' D' L F' L' D R2
15,F R2 D L B2 L' D2 R D R F'
15,B' R' U' R U B2 U B' U B U2 B'
15,B' U2 B U B' R U B U' B' R' B
15,R' F' U L' U L U2 L' U2 L F R
15,R B R' F R B' U' B U B' R' F'
15,B' U2 B U L U' L' B' R' U R B
15,L B D' L U L' D L' U' L B' L'
15,F U' F2 D' U' L' U L D F2 U F'
15,B D' L2 U L U' L2 D B' L' U L
15,B R U' B2 U' R' U R B2 U R' B'
15,R' B' D B2 L U L' U' B2 D' B R
15,F' L' U B2 D' B U' B' D B2 L F
15,B F2 D' L D F2 R B' U' B R' B'
15,L' U' L2 F2 R' F D F' D' R F2 L'
15,F' L2 B2 D' B' D2 L' D' L2 B' L F
15,R B R' F2 D' L D F2 R B' U' R'
15,F' L2 D2 B2 D B2 D L' F L2 U L
15,F U' L D2 B2 U2 R U B2 D2 U' F
16,L' U' B' U B2 L' B' L2 F U2 F'
16,B L F U' F' L' B' U' R' U2 R
16,R' U' R U' B L F U2 F' L' B'
16,L' U2 L2 U F' D F' D' F2 U' L'
16,F R U' R' F D B' R B D' F2
16,L D R' F R D' L2 B' U' B L
16,R' F2 D' B' L2 B D2 F' D' F' R
16,L F U F' U' L2 U' L U' L' U2 L
16,L U2 L' U' L F' U' L' U L F L'
16,F R U' B U' B' U2 B U2 B' R' F'
16,B2 R B R' B U B' R' U' R U' B
16,B' F U' B U F' R B L' B' L R'
16,F' L' F R' F' L U L' U' L F R
16,L' U2 L R B U' F U' F' U2 B' R'
16,B2 D B' U B D' B2 U' B' R B R'
16,L' R D' B' D L B' U B2 U' B' R'
16,R' U' R2 B' R F R' B R2 F' U R
16,L' U' L B D' L2 U L' U' L2 D B'
16,L' F' U L2 U F U' F' L2 U' F L
16,L' U' L2 F R' F2 L' F2 R2 U R' F'
16,R B U' L2 D L' U L D' L2 B' R'
16,L' R2 D B' D' R2 F' L U L' F L
16,B U B2 R2 F R' D' R D F' R2 B
16,R B2 D2 L2 D' L2 D' B R' B2 U' B'
16,R' U B' D2 L2 U2 F' U' L2 D2 U R'
17,R B' R' B U2 B U' L U' L' B'
17,F' L F L' U2 L' U B' U B L
17,L F U2 F2 U' L' U L F U2 L'
17,B' R' U2 R2 U B U' B' R' U2 B
17,R U B L' U' B U L U' B2 R'
17,R F' U2 B L' U2 L B' U2 F R'
17,F' R U2 L' B U2 B' L U2 R' F
17,B L' B' L2 R' F L F' L' F' L' R
17,L' B L B2 F R' B' R B R B F'
17,L' U' B U L U' L' B2 U' B U L
17,B U L' U' B' U B L2 U L' U' B'
17,F R' F' U B' F R2 B U R U' F'
17,R' F R U' L R' F2 L' U' F' U R
17,R B L B U B' L' U B U2 B2 R'
17,B L' B' L U B F' D L' D' B' F
17,L' B L B' U' L' R D' B D L R'
17,L U' F' L F L R D' B D L R'
17,B' U R B' R' B' F' D L' D' B' F
17,B U B' R' U L' R2 D B' D' L R'
17,L' U' L F U' B F2 D' L D B' F
17,B L U' L' U B2 F D' R D B F'
17,R2 B2 L' B' L B' R F R F2 U2 F
17,F2 L2 B L B' L F' R' F' R2 U2 R'
17,R B U R' F2 D' L' D F2 R B' R'
17,F' L' U' F R2 D B D' R2 F' L F
18,B' R' U' R U' B U2 B L' B' L
18,B L U L' U B' U2 B' R B R'
18,L F R U2 R' U2 R U2 R' F' L'
18,R' F' L' U2 L U2 L' U2 L F R
18,F R U' B U' B' R' F' L' U2 L
18,R' U2 R B L F U F' U L' B'
18,L U2 L' B' R' F' U' F U' R B
18,F' L' U B' U B L F R U2 R'
18,B U2 B' R' F' U2 F R B U2 B'
18,R B U2 L' B L B2 R' F' U2 F
18,F R' F' R U R U' B U B' U' R'
18,L U F U' R U' R' F' L' B' U B
18,R' U' F' U L' U L F R B U' B'
18,F' U' F R B L U L' U B' U' R'
18,R B U' B2 R B R' U' R' F' U2 F
18,L' B' U B2 L' B' L U L F U2 F'
18,B L' B' L2 U L' B' U2 B L U2 L'
18,L2 R D' B D L R' B' U2 B U L
18,L F L F2 R' F2 L' R2 U2 R' F' L'
18,L R2 D F D L R' D' B' D' L2 R'
18,F R B R2 D2 F L2 D F' D R F'
18,F' L' B' L2 D2 F' R2 D' F D' L' F
18,B2 F' L F R2 F2 D2 F L' F R2 B2
18,L F' D' L D' B2 L' D2 F2 R' F' L'
18,R' F D R' D B2 R D2 F2 L F R
19,L U2 F' L' U' L U F2 U2 F' L'
19,R' U2 F R U R' U' F2 U2 F R
19,L U2 L' B' R' U F' U2 F R B
19,R' U2 R B L U' F U2 F' L' B'
19,R B2 U L' U' B' U L B' U' R'
19,L' B2 U' R U B U' R' B U L
19,L' R B R B R' B' L R2 F R F'
19,L' R B' L' B' L B L2 R' F' L' F
19,B U L U' L2 B' U' B U L U' B'
19,B' U' R' U R2 B U B' U' R' U B
19,L B' R' U' R U B U2 F U2 F' L'
19,R' B L U L' U' B' U2 F' U2 F R
19,B U L' U' F' L2 B' F U' B L B'
19,B' U' R U F R2 B F' U B' R' B
19,L' R D B D' L R F R F' U' R
19,L' R D B D' L R' U' B' R B R'
19,L' R D' B' D L R' U B L' B' L
19,L' R D' B' D L' R' F' L' F U L'
19,L' R2 D B' D' L R' U' R' F' U F
19,R B2 U2 B' U' L B U' B' L' B' R'
19,L' B2 U2 B U R' B' U B R B L
19,F R F' L2 D' B D L2 F U' R' F'
19,F' L' F R2 D B' D' R2 F' U L F
19,R2 B2 L F' L D2 L2 B2 L F L' R2
19,L2 B2 R' F R' D2 R2 B2 R' F' L2 R
20,B F L F2 U2 F2 U2 F2 U2 L' B' F'
20,L' R' F' L2 U2 L2 U2 L2 U2 F L R
20,L' R' F' U2 L2 U2 L2 U2 L2 F L R
20,B F L U2 F2 U2 F2 U2 F2 L' B' F'
20,B L U L' B' L R2 D' F' D L' R2
20,B' R' U' R B L2 R' D F D' L2 R
20,B F2 D' L D B' F2 R B U' B' R'
20,B' F2 D R' D' B F2 L' B' U B L
20,B F L B2 U2 B2 D2 F2 D2 L' B' F'
20,B2 U2 L R' F L2 R2 B D2 B2 L R'
20,L2 U2 B' F R' B2 F2 L' D2 L2 B' F
20,B F L D2 F2 D2 B2 U2 B2 L' B' F'
20,B F' L2 D2 L B2 F2 R B F' U2 L2
20,L R' F2 D2 F' L2 R2 B' L R' U2 F2
20,B F L B2 D2 F2 D2 B2 U2 L' B' F'
20,L' R' F' R2 D2 L2 D2 R2 U2 F L R
20,B F L F2 D2 B2 U2 B2 D2 L' B' F'
20,L2 B' F U2 R B2 F2 L' U2 B' F R2
20,B2 L R' U2 F' L2 R2 B U2 L R' F2
20,B F L U2 B2 D2 F2 D2 B2 L' B' F'
20,L' R' F' U2 R2 D2 L2 D2 R2 F L R
20,B F L D2 B2 U2 B2 D2 F2 L' B' F'
20,L' R' F' D2 R2 U2 R2 D2 L2 F L R
20,B2 L' R D2 B L2 R2 F U2 L' R B2
20,L2 B F' D2 L' B2 F2 R' U2 B F' L2
21,L U L' U L U' L' U L U2 L'
21,R' U' R U' R' U R U' R' U2 R
21,B' U2 B U B' U' B U B' U B
21,F U2 B F' U' L2 U' L2 U L2 B'
21,B L2 B2 U2 B L2 B' U2 B2 L2 B'
21,B' U' B2 L2 D F2 D F2 D2 L2 B'
21,B U2 B2 R2 F D2 F D2 F2 R2 B
21,L2 F D2 F' L2 U2 L2 B R2 B' L2
21,B L' B L B2 R B' R' B R' U2 R
21,L' U2 L F' L F L' F2 R' F' R F'
21,L' B' L U2 L U2 L' B U' L U' L'
21,F U' B' U F2 U' B F U2 F' U' F
21,R F R2 U' R2 U' R2 U2 R2 U' F' R'
21,L' F' L2 U L2 U L2 U2 L2 U F L
21,B L' B' R B L2 U' L' U2 B' U' R'
21,F R' F' R U2 F2 L' B L' B' L2 F2
21,F' L F L' U2 F2 R B' R B R2 F2
21,F' U2 F2 R' D R2 U R2 D' R U' F'
21,B U2 F2 L2 F U2 F U2 F2 L2 B' F2
21,B F' L2 B' L2 D F2 U F2 D' L2 F
21,B D2 U2 B' R2 U2 F L2 F2 U2 F R2
21,L2 B' U2 B2 R2 B' U2 L2 F D2 U2 F'
21,B' D' R2 B2 D L2 D2 U' F2 D2 L2 B'
21,B D' U2 R2 F2 D' L2 U' F2 D2 R2 B
21,B' D U2 L2 F2 D R2 U F2 D2 L2 B'
22,R' U L U' R U' L' U' L U' L'
22,F' U' L' U L F2 R U R' U' F'
22,R B2 U' B2 U B2 U L R' U2 L'
22,R' F2 U F2 U' F2 U' L' R U2 L
22,R U2 R2 D U2 B2 U' B2 D' U' R
22,R' D U B2 U B2 D' U2 R2 U2 R'
22,F L' D2 L F' U' F L' D2 L F'
22,R B2 D2 L2 D' L2 D' B2 R2 U R
22,L2 R D2 L2 U R2 U L2 D2 L2 R
22,L U2 L' U2 L' B L' F' L' F L' B'
22,L F R' F R F L' F U2 F U2 F'
22,L' B' R B' R' B' L B' U2 B' U2 B
22,B' U' B U' L B' U2 B U2 B L' B'
22,R' U2 R2 U' L U2 R2 U R2 U2 L' R'
22,R B' R2 F' U F U' R2 B R2 U R
22,R F' U' R2 F U' F' U R2 U F R'
22,L R' F2 R' D R2 D' F2 D' F2 D L'
22,F2 R2 B' R' B R' F2 U2 L F' L' F
22,B L2 F2 D F2 U F' D' F U' L2 B'
22,F' L2 B2 D' B2 U' B D B' U L2 F
22,L2 F' D' L2 B L' B' D L2 F U' L'
22,L U2 L2 B' D2 B L2 U2 F' R2 F L'
22,L F' R2 F U2 L2 B' D2 B L2 U2 L'
22,R' D B2 U' R2 F2 U B2 D' L2 F2 R
22,R' F2 L2 D B2 U' F2 R2 U B2 D' R
23,L' U R' U L U' R U2 L' U L
23,R U' L U' R' U L' U2 R U' R'
23,F L F' U' F L' F' U' L U2 L'
23,F' R' F U F' R F U R' U2 R
23,R' D R2 U2 R' U R U R2 D' R
23,L F' L' B L F2 L' B' L F' L'
23,B2 R2 D' R' U2 R D R' U2 R' B2
23,R2 U2 B2 L' B2 L U2 B2 R B2 R
23,B' D2 F2 D F' R2 F' D2 B' D' B2
23,F U F2 U' F' L F U F2 U' F' L'
23,L' R B2 R' U' R U B2 U' R' U L
23,R B' R2 F R2 B R' F' U2 F' U2 F
23,F U2 F' L2 B L' B' U2 B' U2 B L'
23,F U R' F D' F D F2 R2 U' R' F'
23,L' B' F R2 B L B' R2 B L' F' L
23,L' D L2 U' F2 U F2 L' U L2 D' L2
23,R U2 R2 F2 U' F2 D R2 D' R2 U R
23,F U2 R U R2 D' L F2 L' D R F'
23,F2 U L U' L2 D F2 D' F2 L U' F2
23,R' F2 L F' R F2 L2 B' U2 B L F
23,L R U2 R' F2 U2 L' U2 L F2 U2 L'
23,R' D' U L2 D R2 D' L2 D R2 U' R
23,F2 L2 F2 L' U2 R U2 L2 U2 R' U2 L
23,F D2 L F' L' B' L F L' B D2 F'
23,L R2 D2 F U F' D2 F U' F' L' R2
24,F' U L U L' U' F U L U' L'
24,F U' R' U' R U F' U' R' U R
24,R U2 F U F' U R' U F U F'
24,L U F U' L U L' F' L U' L2
24,R B U' B' U' B L U L' B' R'
24,F L F' U2 F L' F' U' L U' L'
24,L' B' U B U B' R' U' R B L
24,F R U R' F' L' U L F U' F'
24,L R2 F' R' B' R F R' B L' R'
24,B F' D' B' D F' D' B D B' F2
24,L' B' U' R' F' U F U R B L
24,L B' R2 B' L B R2 B' L' B2 L'
24,F2 R2 F' D F D' R2 D F' D' F'
24,B' D2 L D R' D' L' D R D B
24,L U' B' D2 B U' B' D2 B U2 L'
24,L2 D R U R' D R U' R' D2 L2
24,R2 D' L' U' L D' L' U L D2 R2
24,B L2 B2 F' U2 B F2 U2 F L2 F2
24,F' L' U' L U L F L' U' L' U L
24,L' F L F2 L' B L F2 L' B' F' L
24,R B F' R' F2 R B' R' F2 R F R'
24,F U2 B' U2 B U2 B' R2 B' R2 B2 F'
24,F R2 U' L' U B U B' U' L R2 F'
24,F' L2 U R U' B' U' B U L2 R' F
24,F' U B2 R B R' U' B2 F L' B' L
25,F U F' U R' U F U F' U' R
25,R B U B' U' B2 L' B' L B' R'
25,L' B' R B' R' B2 U' B' U B L
25,F' L' U' L U L2 B L B' L F
25,B L F' L F L2 U L U' L' B'
25,B2 F2 L' F' R' F L F' R B2 F'
25,L D R' F2 R D' L' U2 L' U' L
25,L2 R' U L2 U' R D F2 U' F2 D'
25,R F' D2 F R' U2 R F' D2 F R'
25,B' R U R' B R U' R' U' B' U B
25,L' B' U' B U B L B' U2 B' U2 B
25,R' F R' F' R2 U R' U' R B U2 B'
25,B U2 R U2 B U B' R' B' F' U F
25,F D U' R D R' U R D' R' D' F'
25,B' D' U L D' L' U' L D L' D B
25,B L' B2 L2 B U' B' F' L F L2 B
25,F U F' U2 L' B' U' B L2 F' L' F
25,L' R B2 R B2 R2 U R U' L U2 R'
25,B F' L2 F' L2 F2 U' F' U B' U2 F
25,L' U2 B' F R' U R U' F' U' B L
25,L' B' L' U2 R' U' L R B L' U2 L2
25,L' B L B2 F' U R B' R' B2 U' F
25,R' F' L' R B' R' F R B F' L F
25,B' U' B' D' F D B D' F' D U B
25,B U2 F' U B' U' B2 L2 B' L2 B' F
26,L U L' U L' U' L2 U' L2 U2 L
26,B U2 B2 U' B2 U' B' U B' U B
26,R' F R U F' U' F' U L F L'
26,B' R U R2 U R2 U2 R2 U R B
26,L R' U' R U R' F2 R' F2 L' R2
26,L R B' L B R B' L' B L' R2
26,L2 R' F2 L' F2 L' U L U' L' R
26,F2 L2 F' U2 F' U' F U' F L2 F2
26,F R U' R' F' L' B L' B' L U L
26,L' B L2 B F U F' U' B' L2 B' L
26,L F2 R2 F2 L' R' U R2 U R2 U' R'
26,R' B R' D' L D R D' L' D B' R
26,B U B' U F D' F2 U' F2 D R2 F'
26,B D F' D' L2 D F2 U' F' D' U B'
26,R2 U F L2 F' R F L2 F' R' U' R2
26,L B2 D' L U2 L' D L U2 L' B2 L'
26,R2 B2 U' R U L U' R' U L' B2 R2
26,F' L B2 U F2 U' B2 U F2 U' L' F
26,R U2 R2 F2 D' F2 D' L2 D L2 D R
26,R' D' F R2 B U B' U' R2 F' D R
26,R' F' D' L' U' F2 U F L D R F2
26,B D2 B2 F2 D2 U2 B F2 U' B U' B'
26,L' D2 U R' U' R2 D B2 D' R' D2 L
26,L2 R' D2 R2 D2 L2 U R2 U R2 U' R'
26,R' F2 D R D' L D R' D' L' F2 R
27,B' U' B U' B U B2 U B2 U2 B'
27,L' U2 L2 U L2 U L U' L U' L'
27,B U R' U2 R U R' U R U B'
27,F U F2 U' F2 U' F2 U2 F2 U2 F'
27,B' F U F' U' F R2 F R2 B F2
27,L R' F L F' R' F L' F' L' R2
27,B' F2 R' B' R F' R' B R B F'
27,L R2 B' L B R' B' L' B L' R'
27,L R' F2 R' F2 L' R2 U R' U R
27,L' U' B U B' L2 B L' U' L B' L'
27,R' F R2 F U B U' B' F' R2 F' R
27,L' B' R B' R' B' L' B' L2 F U2 F'
27,B2 F' L2 F' L2 B' F2 U F' U B' F
27,L' R B2 U R D' R D R2 U' L R'
27,R' U L' B' R2 B L B' R2 B U' R
27,L2 R D' R D' F2 R' D' L D' L R'
27,L' U' F' U2 F' D' B L2 B' D F2 L
27,B' U2 B2 F' L2 B D' B' D L2 B' F
27,F D R' F2 L' U' L U F2 R D' F'
27,F R D B U R2 U' R' B' D' F' R2
27,B R2 D L' B2 L D' R' U2 R' U' B'
27,L' D' B L2 U F U' F' L2 B' D L
27,B D2 U' F U F2 D' L2 D F D2 B'
27,F R2 D' F' D B' D' F D B R2 F'
27,R' F2 L D R D' L' D R' D' F2 R
28,L R2 F R F' L' R U R' U' R
28,B' F2 R' F' R B F' U' F U F'
28,R F R B F' U2 B' F R F' R'
28,B R B' L R' U2 L' R B' R' B'
28,L' F' L B' F U2 B F' L F L
28,R' F' U F U2 F' L' U' L F R
28,F R U' R' U2 R B U B' R' F'
28,L U' R B' R' B U L' B U' B'
28,B' U F' L F L' U' B L' U L
28,L2 R B L' U2 L B' L' U2 L' R'
28,L' R' U L U' R F U F' L' U' L
28,L' R B' R B2 L R' U2 L' B L R'
28,F U F' L' B' U2 B L U' L' U2 L
28,B' U2 B R U B' U' R' U2 R B R'
28,B U L U F' L F L2 B' R' U2 R
28,B' F' U2 R U2 R' F2 L F2 L' B F
28,F' D' F' D2 B R' B' D' R F' R' F'
28,B F' R' F2 D' U L2 D U' R B' F
28,B2 F D' R D B F' U2 B L U' L'
28,R U' F' D2 U2 B U B' D2 U2 F R'
28,F L' B2 D' R' D B' L F' L' B' L
28,R' B L2 D F D' L B' R B L B'
28,B2 L2 B' L2 B2 F2 R B R2 F' R F'
28,F D B' D' R F' D B R' U' R D'
28,B R F D U' B2 D' U R2 F' R' B'
29,B' U' R' U2 R U R' U2 R U B
29,L' B L B' L U2 L' U' B' U' B
29,B' U2 B2 U B' U' B' U2 R B R'
29,F R B' R' B F2 U B U' B' F
29,L' R D B D' R' B U' B' U L
29,L2 R D' B' D L2 R' U F U F'
29,L' U2 L F2 R' F2 L F R F' L'
29,B' U R B' R' F D' R' D B2 F'
29,B L' D' B2 U' B2 D U L U' B'
29,L' R B2 R' U' B U B' U' B' U L
29,F U2 F' L' B' U B L' B L B' L
29,B L' U' L B' L' U B' R B L R'
29,B L U' F' U' F2 U' F2 U2 F L' B'
29,F' U' L' U' L2 U F U' F' L' U2 F
29,L' B' R B' R' B' L F' L' B' L F
29,R2 U2 R F R' F' U F' U' F U2 R2
29,B' U' B U B L2 B2 R B' R' B2 L2
29,B' F R' F' R B U2 F2 L F L' F
29,F R' F R D R B' R B R2 D' F2
29,D L2 D' B R B' D L2 D' B' R' B
29,L B D R' U' F2 U R D' L2 B' L'
29,B2 U2 L' B L U2 R2 F R F' R B2
29,R2 F2 U' F2 D R2 B L' B2 L B D'
29,R' D2 L2 F' L2 D2 R F R B' R' F'
29,L2 B2 R2 D' R D F D' F' R B2 L2
30,B U L U2 L' U' L U2 L' U' B'
30,R B' R' B R' U2 R U B U B'
30,B L' B L2 U' L' U' L U L' B2
30,B U2 B2 U' B U B U2 L' B' L
30,L' R D' B' D L B' U B U' R'
30,B U' L' B L F' D L D' B2 F
30,L' R B2 L U B' U' B U B U' R'
30,L' U' L B L F' L' F2 U' F' U B'
30,L F' L2 F U F U2 B' U B F' L
30,F' U2 F R B U' B' R B' R' B R'
30,F R F' L' B' F U' B U R' F' L
30,L2 U2 L' F' L F U' F U F' U2 L2
30,B F' L F L' B' U2 F2 R' F' R F'
30,B' U' B L U L2 R D' B D L R'
30,B F D2 F' U L U' L' F D2 B' F'
30,R B2 U B' R D B' D' R' B' U' R'
30,R U2 F R' F R D R' D' F2 U2 R'
30,R2 U' B U L F U' F' L' B' U2 R2
30,D' R2 D B' L' B D' R2 D B L B'
30,B2 U L2 B' D' B D L B L U' B2
30,R' B' D' L U F2 U' L' D R2 B R
30,B2 U2 R B' R' U2 L2 F' L' F L' B2
30,L2 F2 U F2 D' L2 B' R B2 R' B' D
30,L D2 R2 F R2 D2 L' F' L' B L F
30,R2 B2 L2 D L' D' F' D F L' B2 R2
31,F' U' L' U' L U F U2 F' U' F
31,L U F' U' F L' F' L' U L F
31,B' F R' F R B F2 U' L' U' L
31,B' R B R' U B U B' R' U2 R
31,B2 U' B L U2 L' B' U B U B
31,L2 R' F R' F D F' D' F' L2 R2
31,L U2 L2 U' L2 U' L' F2 R' F' R F'
31,R' U2 R U' B U B2 R B R2 U2 R
31,R' U' R2 B' R' B' D B' U' B D' B2
31,R U' B' U2 B U L' D' B D L R'
31,B' D U' R D' B' D R' D' B U B
31,F2 R' U2 B' R' B U2 F' L R F' L'
31,F D U' B2 U R B2 R' B2 D' R F'
31,B' U' B2 L2 R2 F' D F L R2 B' L
31,B2 L2 B2 F U R U' R' B2 F' L2 B2
31,F R B' F D2 B' D2 L' D2 L B2 F2
31,R B L U2 L' B2 R2 F R2 B R' F'
31,B U2 B' R2 D' F' L F' L' F2 D R2
31,R' F R F' U2 F2 D' B L2 B' D F2
31,R U2 L2 D' B' D L2 F U2 F' U R'
31,R2 F2 L F' R' D R D' F L' F2 R2
31,R' F2 D' L D' L' B' L B D2 F2 R
31,L' U' F R2 D2 B D2 R F' R U' L
31,R2 F2 L D' F L' F' L D L' F2 R2
31,L F2 D2 B R B' D2 L' F2 R U2 R'
32,F U R U R' U' F' U2 F U F'
32,R' U' F U F' R F R U' R' F'
32,B F' L F' L' B' F2 U R U R'
32,B L' B' L U' B' U' B L U2 L'
32,L U F' U' F L' R B U B' R'
32,B2 U B' R' U2 R B U' B' U' B'
32,B' U R B' R' B2 L F U' F' L'
32,R' F R F' U2 F R' F' R F' U2 F
32,R' U2 R2 U R2 U R F2 L F L' F
32,B D' U L' D B D' L D B' U' B'
32,L U2 L2 U' L2 F' D F' D' F2 U' L'
32,L U B2 F R B R' U' B2 F' L' B'
32,L' B L2 F2 L B' L' F L' F2 U2 F'
32,R B R' F R U2 B' R' F' L' U2 L
32,B D' B2 U2 R B' R' B U2 B2 D B'
32,F2 L U2 B L B' U2 F L' R' F R
32,F' D' U B2 U' L' B2 L B2 D L' F
32,R' D' L F2 L' D R2 U B U2 B' R'
32,L F' L' F U2 F2 D B' R2 B D' F2
32,B' U2 B L2 D F R' F R F2 D' L2
32,L' B' R' U2 R B2 L2 F' L2 B' L F
32,L2 F2 R' F L D' L' D F' R F2 L2
32,R U F' L2 D2 B' D2 L' F L' U R'
32,L2 F2 R' D F' R F R' D' R F2 L2
32,R' F2 D2 B' L' B D2 R F2 L' U2 L
33,B U' B' U' R' U2 R B' R B R'
33,B' U B U L U2 L' B L' B' L
33,B' L' B' U B2 U' B2 U' B L B
33,R' U2 R U B U' L U2 L' U' B'
33,L2 U' L' U' F U' F' U L U2 L2
33,B U' L F' L F L' U' L' U2 B'
33,B' R B R' U' B U2 B' R' U R
33,L' B' U B U2 L U' F' L F L'
33,D B2 D' R2 U R2 B R B2 R' B'
33,B' L' B' L2 U2 L' U B' R' U' R B'
33,L U2 F R' U' R F' R' U R U2 L'
33,F2 R' F' L R U L' F2 L F U' L'
33,R' B' U' F U R2 U' F' U R2 B R
33,R B2 L2 B' L2 U' F U' F' U2 B' R'
33,L2 U F2 L' F L F U' L2 F' U F
33,B2 R D B U B2 D' B2 U' R' U' B
33,R B' R B2 L' B2 D B' D' L B2 R2
33,B L' B2 R2 D' R' B' D L B R' B
33,B L' B' D' R2 D B' L B D' R2 D
33,B2 L' D' B' D' R2 D R2 D L U B'
33,L' B2 R B' D B D2 R D R2 B2 L
33,L2 D R' F' R' D' F' D F R2 D' L2
33,R2 D' L F L D F D' F' L2 D R2
33,R2 B2 L' D L B' L' B D' L B2 R2
33,L2 B2 R D' R' B R B' D R' B2 L2
34,L U L2 U' L' B L U L U' B'
34,R' U' R2 U R B' R' U' R' U B
34,B' U2 B2 U L U' L2 B' L2 U' L'
34,R' U' L' R2 B D B D' B2 L R'
34,F2 D F' U F D' R' F' R U' F'
34,F2 D' F U' F' D L F L' U F
34,F R2 D B2 R D2 F L D F2 R
34,B U B' L' B2 U B U' B' U' B' L
34,F U F' R' F R U' F' U2 F' U2 F
34,F' U' F L F' L' U F U2 F U2 F'
34,L' R B L U L' U' B' U L U' R'
34,L' R B' R' U' R U B U' R' U L
34,L' R U R B U B' U' L R' U' R'
34,R' F' U F U F' U' L F' L' F2 R
34,F' L' U' L F' U B U' F U B' F
34,B F U2 F' L U L' U' F U2 B' F'
34,B' U' B U2 L2 U F U' F2 L' F L'
34,F R U B R' F R B' R' F' U' F'
34,F' L' U' B' L F' L' B L F U F
34,R U' B' R2 F' R' B R' U' R2 F R
34,B' F' D2 B L' U' L U B' D2 B F
34,F2 L2 F' R2 F L2 F' R' U R' U' F'
34,R2 B2 U' R2 U B2 R2 B R B2 R' B'
34,R U2 F D R D' F2 U2 F R U' R2
34,B2 L2 F R' D' R D F D' F2 L2 B2
35,L U2 L' U' F' L F U' F' L' F
35,B' U2 B U R B' R' U R B R'
35,L2 R2 B D2 B' L' R F2 L' F' R
35,B2 F2 L' D2 L B F' R2 B R F'
35,F2 U' F' R U R' U' F' U F2 U F2
35,R2 U R F' U' F U R U' R2 U' R2
35,F R' F' R' F2 R2 U R U' R F2 R2
35,R' F R F R2 F2 U' F' U F' R2 F2
35,L U F' L F L' U2 R' U L' U' R
35,B' U' R B' R' B U2 F U' B U F'
35,F U2 F2 L2 B F L B' L B' U2 B
35,R' U2 R2 B2 L' R' B' L B' L U2 L'
35,B' F2 R B' F' R2 F R F' R2 B2 F'
35,L2 R' F2 L' R' F L F' R F2 L2 R
35,F U2 L2 D F D' F' L' F L' U2 F'
35,F R' D B2 R B2 R' U' B2 D' U F'
35,R' F D' L2 F' L2 F U L2 D U' R
35,L2 R' B R' D2 R B' L' F2 L' F' R
35,L2 R2 D2 R D2 L2 F R F' R U2 R'
35,B2 F2 D2 F' D2 B2 R' F' R F' U2 F
35,F R D2 L' U F2 U' L D R2 D F'
35,R' F' D2 B U' R2 U B' D' F2 D' R
35,F R B R' F' R' D2 L2 F L2 D2 R
35,R' F' L' F R F D2 B2 R' B2 D2 F'
35,R B2 L D2 L B R2 F R B2 L2 B'
36,L U L' U' B' U2 B U L U L'
36,R' U' F' U2 L' U' L U' F U R
36,R' F' L F2 R' F L' F' R F' R
36,B U B' R' U F' L' U' L F R
36,F' D' B L' B' D F U' L' U2 L
36,F' R' D' F' D L R F' L' U F2
36,B L2 D F L D2 B R2 D B2 L
36,F' U' F2 R' F' R2 U R' U' R U' R'
36,F' U2 F2 U R U' R' F' U' F' U2 F
36,L F R U2 R' U2 F' L F' L' F L'
36,B R' U R B U' L U2 L2 B L B
36,R2 U' R' F R F' U R2 U2 B U' B'
36,R2 F' R U' L' U R' F R2 F' L F
36,F' R U' B2 L' U L U' B2 U R' F
36,L B2 F R2 F R2 B F2 U2 B U2 L'
36,L2 B2 L' U F U' F L B2 L' F2 L'
36,F' L2 B' R' F U2 F' R B2 L' B' F
36,L' U F' U2 F R2 D B' D' R2 U2 L
36,B D2 F2 D2 L' B' L F L2 F2 L2 F'
36,B2 D L2 F' L' F L' D' B2 R' U2 R
36,B L2 D2 R F R' F' D' F D' L2 B'
36,B' F2 R F L2 F L F2 R' B D2 F2
36,L R2 D2 L' R2 F' L F R2 D2 L' R2
36,B L' B D2 L' F R F' L D2 B2 L
36,R' U2 R B2 L' D2 F' R F D2 B2 L
37,B U L' U' L' B' L U L2 U' L'
37,L' U' B U B L B' U' B2 U B
37,L2 U2 L' U' F U F' U L U L2
37,L' B L B' U' L U2 F U F' L'
37,F U2 F' L' U L U F' L F L'
37,R' U F U R' F R F' U' F' R
37,R' U2 R B U' B' U' R B' R' B
37,R' U' R' U' R B U2 B' R' U R2
37,F U F U F' L' U2 L F U' F2
37,L R' F U' F' L' B' U B U R
37,L' R B2 D B' D' B' L R2 U R
37,B L F2 R' F' R F' U2 L' U2 B'
37,F R' F R F' R U2 R' F' L' U2 L
37,L' B' U' B' D' B' D B' U L2 U2 L'
37,L U' L' U2 B' R2 F R F' R U' B
37,F' L D L' U' L D' F' L' F U F
37,B F2 D' L' D F2 U' R U' R' U2 B'
37,L2 R D' B D L2 R' U' F' L F L'
37,B2 D L' F L U' L' F' L D' U B2
37,L2 D' B R' B' U B R B' D U' L2
37,B2 D B2 U L U B' U2 B2 L' D' B'
37,L' U F D' R2 D F' U2 B U B2 L
37,B L2 F' L B L' F L2 B2 R' U2 R
37,L2 U2 F2 D F D' L' F U L U L2
37,B2 U2 R2 D' R' D B R' U' B' U' B2
38,F U F' U F U2 R U R' U' F'
38,B' U' B U L U2 L' U' B' U' B
38,B L U' L' U L F U F' L' B'
38,F R B' R2 F R' B R F' R F'
38,R D L' B L D' R' U B U2 B'
38,R F D R D' B' F' R B U' R2
38,L' B2 D' R' B' D2 L' F2 D' L2 B'
38,R U R2 F R F2 U' F U F' U F
38,B' R B' R' B2 L U' L' U L U2 L'
38,R U2 R2 U' F' U F R U R U2 R'
38,L' B' U' B L B L' U L2 U' L' B'
38,F R' F R F' R U2 B U2 B' R' F'
38,F2 U F R' F' R U' F2 U2 L' U L
38,R' F2 R2 B' R B R2 F2 U F' U F
38,B L B' U2 F L2 F2 L' F2 L' F' L'
38,F U2 F' L D' L B L B' L' D L2
38,B' F2 D R' D' R' D R2 D' R' B F2
38,B2 L2 B U' R' U R' B' L2 B R2 B
38,R B2 L F R' U2 R F' L2 B L R'
38,B U' R U2 R' F2 D' L D F2 U2 B'
38,L' D2 R2 D2 B L B' R' B2 R2 B2 R
38,L2 D' B2 R B R' B D L2 F U2 F'
38,L' B2 D2 F' R' F R D R' D B2 L
38,L R2 F' R' B2 R' B' R2 F L' D2 R2
38,L' B L' D2 B R' F' R B' D2 L2 B'
39,R' F' U' F R F R' U R U' F'
39,F U' F' U' L2 R B L B' L R'
39,R B U' B' R' U' R2 B' R' B R'
39,F R' F R F2 U F R U R' F'
39,R' U2 B U2 F' U' F U2 B' U' R
39,B L F U R U R' F' L' U' B'
39,L2 R2 F D F D' F' R F' L2 R
39,L' U' L B L' B' U L U L U' L'
39,L U L' U L U' L2 B L B2 U B
39,F R' F' R U R B' R B R' U' R'
39,L' B' U' B U L2 U2 L' U' L U' L'
39,L' U L2 U F U' F' L' U L' U2 L
39,R' U2 R U2 R U B' R' B R U' R'
39,B' U' B L U2 L' U' L2 F' L' F L'
39,B L F U' F' L' U L U2 L' U' B'
39,R' F' U' F2 U' B' U F' U' B U2 R
39,L2 R' F' D' L D L2 U' F U L' R
39,F2 L D' F U F' D L' F2 L U' L'
39,L2 D' L' D2 R' F' R D' F L' U' F'
39,B2 U B' R' U2 R2 D B' D' R' U2 B'
39,R U B2 D F' L2 F D' B' U B' R'
39,R2 D2 B' U B U' B L B' L' D2 R2
39,R2 U B' R' B R2 U2 L' D B2 D' L
39,R' U L' B L' D2 F' D2 L2 B' U R
39,B D' L2 D B' U2 F2 L F' L' U F2
40,F R U R' F' R' F U' F' U R
40,R' U R U B2 F' L' B' L B' F
40,F U2 L' U2 R U R' U2 L U F'
40,L' B' R' U' F' U' F R B U L
40,B2 F2 R' D' R' D R F' R B2 F'
40,L' B D L' D R F R' D2 L2 B'
40,B U B' L' B L U' B' U' B' U B
40,B' U' B U' B' U B2 L' B' L2 U' L'
40,R' F R F' U' F' L F' L' F U F
40,B U' B2 U' R' U R B U' B U2 B'
40,B' R' U' R U R' F R B R' F' R
40,B L2 F' L' F U' L' U L U L' B'
40,B' R' U F' U' B F L' B' R B L
40,R' U' F' U2 F R B2 L' B' L U' B'
40,L2 B' L F' L' B U' L2 U L' F L
40,B D U B D' L' D B' D' L U' B'
40,R2 U' R B F' L U L' B' U' F R
40,B2 F R D B' D' B2 U R' U' B F'
40,F U R F D R D' F' R U' R2 F'
40,R2 B' D R' U' R D' B R2 B' U B
40,B2 D B D2 F R F' D R' B U R
40,L2 U' L F U2 F2 D' L D F U2 L
40,F2 D2 L U' L' U L' B' L B D2 F2
40,F U' B L' B D2 R D2 B2 L U' F'
40,L' D B2 D' L U2 R2 B' R B U' R2
41,R U' R' U2 R U B U' B' U' R'
41,F R B F' L' B L B2 F R' F'
41,L' U2 L U F' D' B L B' D F
41,L' F R2 B2 R' B R B R2 F' L
41,F R U' R' B F2 D' L D B' F
41,L' B' R D L B L' D' B L R'
41,L U F U' L2 D2 R2 B R2 D2 L
41,L' B L B' U2 B U B2 U B2 U2 B'
41,B R U' L U L' U R' B' R U' R'
41,R U2 L R2 F' L' F2 R F R' F2 R
41,R U R U R' F D R' D' F' U2 R'
41,B U2 R D B D' R' B U' B' U' B'
41,B' L' B2 U' B U R B2 L B' R' B2
41,B U2 L' D' L U' L' D L2 U' L' B'
41,L' B L2 F2 L B' L' F2 L' F U2 F'
41,R D L2 D' B' D B L B' L D' R'
41,B' U2 F R U F R F' U' R' B F'
41,B2 F R2 B F' R U2 R2 U2 R' U2 B
41,L' R2 D B2 D' L R' B U' B' U' R'
41,B L2 U L U2 R' D F2 D' R U B'
41,F U2 B' F' U2 L2 B2 L B2 L U2 B
41,L2 D2 R' F L2 B' L' B2 L' F' L2 R
41,B2 L2 R2 F' D L' F L' R2 B' U' B'
41,F U F L2 R B' R D' B L2 R2 F2
41,F R2 F2 L' B' L2 F' R' D2 R' F2 L'
42,L' U L U2 L' U' B' U B U L
42,F' L' B' F R B' R' B2 F' L F
42,R U2 R' U' F D B' R' B D' F'
42,R F' L2 B2 L B' L' B' L2 F R'
42,F' L' U L B' F2 D R' D' B F'
42,R' U' F' U R2 D2 L2 B' L2 D2 R'
42,R B' R' B U2 B' U' B2 U' B2 U2 B
42,B' U2 B U B' U B2 L U L' U' B'
42,B' L' U R' U' R U' L B L' U L
42,B' R B' R2 U' R U B2 U2 L U' L'
42,L' R2 B2 L R' U B' U' B U B R'
42,L' U2 L2 R' F R F2 L' F' L F2 L'
42,B' F2 R F D' F' D R' F' R' B F'
42,B R B2 U B' U' L' B2 R' B L B2
42,L U L' B' U2 B2 F' D L' D' B' F
42,R B' R2 F2 R' B R F2 R F' U2 F
42,L' D R2 D B D' B' R' B R' D' L
42,B U2 F' L' U' F' L' F U L B' F
42,B2 F' L2 B' F L' U2 L2 U2 L U2 B'
42,L2 R D' B2 D L R' B' U B U L
42,L' B' U B U L2 D R' F' R D' L'
42,B2 L2 R2 F D' R F' L2 R B U B
42,R2 D2 L F' R2 B R B2 R F L' R2
42,F' L2 F2 R B R2 F L D2 L F2 R
42,B' U2 R D2 L2 D2 R D2 F' L2 D2 R2
43,R U' R' U' F' U2 F U R U' R'
43,B' U' B U B U L' U' B' U L
43,B' F R' F' R U R U' R' U' B
43,L U L' B' U' B U' L' B L B'
43,L F' L' F U L' U L F U' F'
43,F' L' F U2 F2 L2 B L B' L2 F2
43,R' F2 L2 D' B D' B' D2 L2 F2 R
43,R B F L F' U F L' B' F' U' R'
43,L2 B' U B U' B' U' R B' R' B2 L2
43,B L' B' L2 F2 R' F' R2 U2 R' F' L'
43,F D' F2 U2 F' L F L' U2 F2 D F'
43,R B L' D' L U2 L' D L B' U2 R'
43,F D' R' D F D' R D F2 L' U2 L
43,R' F U2 L F' L' U2 F' R2 B' R' B
43,R2 B' F2 D' B' D B D F2 R' B R'
43,R2 B2 L' B R' B' L B2 R2 F R F'
43,B' F R' B2 L F' U2 F L' B' R2 F'
43,R2 D B' L R' U L' U' R B D' R2
43,L2 R2 D2 L' D2 L2 R2 U B' U B L
43,R2 D2 U2 L U' B' U B L' D2 U2 R2
43,R' D2 U B2 F2 D2 U2 B2 F U F R
43,L2 B2 F2 R' D F D' F' R B2 F2 L2
43,F R2 F2 L2 B D2 B' L' F' R2 F2 L'
43,F R2 B2 R F L D2 L' F2 R2 B2 R'
43,R2 D2 L2 F D2 R' D2 L2 D2 R' U2 B
44,L' U L U F U2 F' U' L' U L
44,B U B' U' B' U' R U B U' R'
44,B F' L F L' U' L' U L U B'
44,R' F R F' U' R U' R' F' U F
44,R' U' R B U B' U R B' R' B
44,F U F2 L F L B L B' U L
44,L F R U2 B U B' R' U F' L'
44,F R F' U2 F2 R2 B' R' B R2 F2
44,L2 R U' L B' U' B U L' R' U L2
44,L U F' U B U' F2 U B' U2 F' L'
44,F R2 D R D' R F L F L' U F
44,B2 D L' F' L B' L F L' B D' B2
44,B' R2 B2 U' R' F R F' U B2 R2 B
44,F D R F2 U' F U' R' U2 F2 D' F2
44,L2 R2 D2 R D2 L2 R2 U' B U' B' R'
44,L' B' U2 B U L2 D R' F2 R D' L'
44,L' B F' L2 B D2 B' D2 F L2 B' L
44,L U F U' B2 F L2 R2 B2 F2 L R2
44,F2 L2 R2 B' D B L2 R F' R U' F'
44,L2 D2 U2 R' U B U' B' R D2 U2 L2
44,B L2 F2 D R F' R' F D' F2 L2 B'
44,R2 B2 F2 L D' F' D F L' B2 F2 R2
44,L U B2 F' D2 U2 B2 F2 D2 U F' L'
44,F' L2 F2 R2 B' D2 B R F L2 F2 R
44,F' L2 B2 L' F' R' D2 R F2 L2 B2 L
45,R2 B U' B' U B U B2 R' B R'
45,R D' B U B' U' R' U' R D R'
45,L' D B' U' B U L U L' D' L
45,L U L2 B L2 U L' U' B2 U2 B
45,R' U' R2 B' R2 U' R U B2 U2 B'
45,R' U' B F2 L F L' B' F U R
45,L U B' F2 R' F' R B F' U' L'
45,R' D' R' D B R2 U R B' U' R'
45,L' U' L' B2 D' B' D L B' U L
45,R2 B R2 U F R' F' R2 B' U' R'
45,B U' L' U L U B' F2 R' F' R F'
45,R2 U' L R U' F' U F R' U L' R2
45,L F2 D F D' F2 U F' U' L2 U2 L
45,L' R F2 L B U B' U' L' F2 L R'
45,L U2 F R2 U B U' B' R2 U2 F' L'
45,L2 D2 U2 R F' U' F U R' D2 U2 L2
45,L2 R' B2 F2 L2 R2 B' F2 U B' U' R'
45,L' B' U' B' F2 D2 U2 B2 F2 D2 U' L
45,R B U B' U' L2 R D2 U2 L2 R2 D2
45,D2 L' B' U' B U L' R2 D2 U2 L2 R2
45,D2 L2 R2 D2 U2 L' R2 F U F' U' L'
45,L R2 F' D' F R2 B2 L2 U' L2 B2 L'
45,L' R2 D2 L2 F L2 D2 R2 U' B U L
45,R2 B2 F2 L' B D B' D' L B2 F2 R2
45,R B D2 U' B2 F2 D2 U2 B F2 U' R'
46,B U L' U' B' U L U L U' L'
46,B' U' R U B U' R' U' R' U R
46,L F' L F L' U' L' U2 B' U B
46,L' F' L' U L U F R U' L R'
46,B L U L2 U' L B' U' L' U2 L
46,B' R' U' R2 U R' B U R U2 R'
46,F U R U' R B' R2 F' R B R'
46,F R F' U' R B U B' R' U' R'
46,F' L' F U L' B' U' B L U L
46,F R B' R' F' U' R U B U' R'
46,B' F U R F R' F' U' R' B F'
46,R' U' R B U2 L F U F' L' B'
46,R U F' U' F U F R' F' R U2 R'
46,R B' R' B' U' B R B' U B2 U' R'
46,R2 B2 R U' R U R2 B2 R' B' R' B
46,R' B' F R' B U R D R D' U' F'
46,F2 D' B L B' L U' L' U L' D F2
46,R D' R2 U' R2 D B L' B2 L B R'
46,F R2 B F2 L U' L' U B' F2 R2 F'
46,F2 R2 F L F' R2 F L2 U' L U F
46,F2 D F' R B' R' F R' B R D' F2
46,B2 D F' L2 F D' B2 U2 B' R B R'
46,F2 L2 B L' B' D' B L B' D L2 F2
46,F2 R2 B' R B D B' R' B D' R2 F2
46,F' L2 B2 D2 R D R' B' D B' L2 F
47,B' R B U2 R' U' R U' R2 U2 R
47,B' F' U2 F R2 B2 L' B R2 B2 L
47,B L' B L B R B R' U R' U R
47,L' U' L' B L B' L' B L B' U L
47,B L U' L' B' R' U' R U R' U R
47,L' U' L U' L' U2 L2 F U F' U' L'
47,L' B' U R' U' R U R' U' R B L
47,R U R2 F R F' L F' U F U' L'
47,B U B2 R B R2 U F' U' F U R
47,B' R' U' R U B F R U R' U' F'
47,B U B' U R2 F R F2 U' F U R
47,R' F R B' R2 F' R F R' F' R2 B
47,R U2 B U2 B U2 B2 U' B2 U' B2 R'
47,L' B2 R B' L B2 R' B' R B R' B
47,B' U2 B L' B L U B2 U B2 U2 B'
47,B' R B2 L U' L' U2 B' U' R2 U2 R
47,B L2 D L D2 B D B U' B U L
47,B' R2 F R' D R D' R2 B R' F' R
47,B' R2 F2 R F2 R U F U' B U2 F'
47,F U2 F2 L F2 R F' L' F R' U2 F'
47,L2 F2 L2 F' U2 B F L' B' L2 F2 L'
47,R B' L2 B' D B D' L2 B R2 U R
47,L2 D R' F2 R D' L2 B2 R B R' B
47,F D2 B2 R B R' D' B2 D' F' U R2
47,L' B2 R2 D' R' B' D L B2 R' U B
48,F R' F' U2 R U R' U R2 U2 R'
48,B F U2 B' R2 F2 L F' R2 F2 L'
48,F' L F' L' F' R' F' R U' R U' R'
48,L U L F' L' F L F' L' F U' L'
48,L U L' U L U2 L2 B' U' B U L
48,L F U' R U R' U' R U R' F' L'
48,R' U' R2 B' R' B L' B U' B' U L
48,F R U R' U' B' F' R' U' R U B
48,L' B' U B L F U' R U R' U' F'
48,F' U' F U' R2 B' R' B2 U B' U' R'
48,R B' R' F R2 B R' B' R B R2 F'
48,L F2 R' F L' F2 R F R' F' R F'
48,F U2 F' L F' L' U' F2 U' F2 U2 F
48,F' L2 D' L' D2 F' D' F' U F' U' L'
48,F R2 B' R D' R' D R2 F' R B R'
48,F R2 B2 R' B2 R' U' B' U F' U2 B
48,F U F2 L' F U2 L2 B L2 B' U' L
48,B' U2 B2 L' B2 R' B L B' R U2 B
48,L2 B2 L2 B U2 B' F' L F L2 B2 L
48,L2 B2 L' F R' F L R B2 L' F2 L'
48,R' F L2 F D' F' D L2 F' R2 U' R'
48,L2 D' R B2 R' D L2 F2 R' F' R F'
48,B' D2 F2 R' F' R D F2 D B U' R2
48,L F2 R2 D R F D' L' F2 R U' F'
48,L2 F2 R2 B' D2 B F L' F' R2 F2 L'
49,R' U' R2 B' R' B U' B' R B R'
49,L U F U2 F' U2 L' U' B' U2 B
49,B' U2 B U L U2 F U2 F' U' L'
49,F R U R' U' F2 U' L' U L F
49,R' F R' D R' D' R2 F2 U' F R
49,R U2 L' R' F' U2 B' U2 B F L
49,F' D' L U' L U L' D F2 U2 F'
49,F2 R2 F' R2 F2 L F L' R' U2 R
49,L F' L2 B' F2 R2 F R2 B F2 L
49,L B' U2 F R' U R F' U2 B L'
49,B' L U2 R' F U F' R U2 L' B
49,L B2 F R2 B R2 B2 F' L2 B' L
49,F U2 F' U' L2 D' R B' R' D L2
49,L U L' U L U' L' B' R' U' R B
49,R' F' L' F R F' L U' L' U L F
49,B U2 B2 U' B2 U' L' B' L B' U2 B
49,F2 U' F L F' U F U' L2 U L F
49,L' B2 L2 B' U2 B2 U2 B L' R' U2 R
49,F U2 B' U F' U' R' F2 R' F2 R2 B
49,L2 B2 L' F2 L B2 L' R' F' R F' L'
49,B L F' L B2 U2 B F2 U2 F L2 F2
49,F2 U' L D R2 D F R' F' R2 D2 L'
49,L R2 D2 B2 L2 B L2 B D2 R2 F' L'
49,L' F2 D2 B D2 F L2 D2 B' D2 F L'
49,L' B D2 F' D2 L2 B D2 F D2 B2 L'
50,R U R2 F R F' U F R' F' R
50,L' U' B' U2 B U2 L U F U2 F'
50,F U2 F' U' L' U2 B' U2 B U L
50,B' R' U' R U B2 U L U' L' B'
50,R B' R D' R D R2 B2 U B' R'
50,R' U2 L R B U2 F U2 B' F' L'
50,B D L' U L' U' L D' B2 U2 B
50,B2 R2 B R2 B2 L' B' L R U2 R'
50,L' F2 L2 B L2 B' F2 L R U2 R'
50,L' B L2 B2 F R2 B' R2 B2 F' L'
50,F L' U2 R B' U' B R' U2 L F'
50,L' F U2 B' R U' R' B U2 F' L
50,B L' B' R B2 D L' D' L2 B2 R'
50,B' U2 B U L2 D R' F R D' L2
50,F R' F R F' R U' B U2 B' R' F'
50,B' U F U' B U2 R' F R F' U' F'
50,R B L B' R' B L' U L U' L' B'
50,B L2 U L2 B' L B L U' L B' L
50,F U2 B' R B R' F' R' F2 R' F2 R2
50,R' F' L F' L' F2 R2 U B U' B' R'
50,L F2 L2 F U2 F2 U2 F' L R U2 R'
50,L2 F2 L B2 L' F2 L R B R' B L
50,F' L' B L' F2 U2 B2 F' U2 B' L2 B2
50,B2 U L' D' R2 D' B' R B R2 D2 L
50,L F' D2 B D2 L2 F' D2 B' D2 F2 L
51,B U B L' B' L B' U B U2 B'
51,F' U' F' L F L' F U' F' U2 F
51,L F' L F L' U' L' U B' U2 B
51,B' U2 B U' L U L F' L' F L'
51,F U R' U' F' U R U2 R U2 R'
51,B' U' R U B U' R' U2 R' U2 R
51,L' F L U' R U2 R' U L' F' L
51,R' U2 R U2 R B' R2 U' R U B
51,B' U F' R' F U2 F' R F U' B
51,F U' B R B' U2 B R' B' U F'
51,F2 D B' R' B D' F2 U' L' U2 L
51,B2 D' F R F' D B2 U L U2 L'
51,L' B U B2 U B2 U' L U' L' B' L
51,L' U' L2 U L F' L2 F U L U2 L'
51,B' U2 B U R B2 R' B U B2 U' B'
51,R' U' R2 B L' B L B2 R' B U' B'
51,L F U' R' F R F2 L' U B' U2 B
51,F U F2 L F2 U F' L2 U L2 U2 L'
51,L2 U L U' F' U' L' U L2 F2 U2 F'
51,F U2 B' R' U' R2 U R F R2 B F2
51,B' U2 B2 L2 U L' U' L2 D L D' B'
51,B' U2 B2 F' L D L2 D' L' B' L2 F
51,F' U' L2 D' L U L2 D L' F2 U' F'
51,B L2 F' L' D' L2 D L B' F2 U2 F'
51,B D F2 D F2 D' L' D' L B2 U2 B
52,L' U' B' U2 B U2 B' U2 B U L
52,L U F U2 F' U2 F U2 F' U' L'
52,R U B U' B2 R' B U2 B U2 B'
52,R' U' F' U F2 R F' U2 F' U2 F
52,R U2 R2 D' F U' F' U F' D R
52,R' U2 R2 D B' U B U' B D' R'
52,L U L' U L' B L B R B R' B
52,L' U' L U' L F' L' F' R' F' R F'
52,R' F' U' F2 U F' U F U2 F' U' R
52,R B L U' L' U L U' L' U B' R'
52,L' U' B' U B2 L' B' L2 U' F U' F'
52,B L U L2 B L B2 U' B' R B R'
52,L F2 U F2 U F2 U2 F' U2 F' U2 L'
52,L R2 D' F' D F' R F R' F L' R2
52,L' R2 D B D' B R' B' R B' L R2
52,L2 R B' L B' L' B D' B D L2 R'
52,L2 R' F L' F L F' D F' D' L2 R
52,L2 R B' D' B D' R D R' D L2 R'
52,L' R2 D L' D L D' B D' B' L R2
52,F R' F D' F D F2 R2 U2 R' U' F'
52,B' R B' D B' D' B2 R2 U2 R U B
52,R B U B2 R2 D' R' D B R' U' R'
52,R' U2 R2 B' D B D L2 D' L2 D' R'
52,L U B L2 F' L2 B' F2 U2 F' U' L'
52,R U B' R2 F D R' B' D' B2 R2 F'
53,R' F' L F' L' F L F' L' F2 R
53,B' R B R' U' R B' R' B2 U' B'
53,B' R2 F R F' R' F R F' R B
53,R B U' B2 R2 D' R' D R' B R'
53,B R' U' F' U R B2 R' F R B
53,B' U' B L U' L' U' L2 F' L' F L'
53,L' U R U' L U' R' U2 R' F R F'
53,R' F' U' F2 U R U' F' U2 F' U2 F
53,L U F' U' F L' F R' F' R2 U' R'
53,L U2 L' B' R' U' R B' R B R' B
53,F' U2 F U2 F U R' U' F2 U F R
53,F R B U2 B' U R' F R' F' R F'
53,F R' F R F2 R U' L' U R' U2 L
53,L R' U' R U L' U2 B2 L' B' L B'
53,B U' L' B L B2 U' B2 L' B' L B'
53,B' U R' U' R B U L2 F' L' F L'
53,R' U F' U2 F2 R' F' R2 U2 B U B'
53,F2 U2 L F L' F2 U' F2 U' F' U2 F'
53,B U2 F' L' B L B2 F U' B U' B'
53,L' U' L U' L2 R B L B' R' U2 L
53,R' U2 R2 U R2 F' U F2 R F2 U F
53,R' U' R2 B U B2 D B' D' B2 U' R'
53,F' L U2 B L' B2 U2 B L2 F' L F2
53,B' R2 B' F R D2 R D2 R' D2 B2 F'
53,F R B2 D2 L' F2 L' F2 L2 D2 B2 F'
54,R B L' B L B' L' B L B2 R'
54,F R' F' R U R' F R F2 U F
54,R' F' U F2 R2 D R D' R F' R
54,F U F' L' U L U L2 B L B' L
54,L U' R' U L' U R U2 R B' R' B
54,R B U B2 U' R' U B U2 B U2 B'
54,L' U' B L' B' L2 B L' U L U' B'
54,B U2 B' U2 B' U' R U B2 U' B' R'
54,B' R' F' U2 F U' R B' R B R' B
54,L' R U R' U' L U2 F2 L F L' F
54,B' R B' R' B2 R' U L U' R U2 L'
54,F' U L F' L' F2 R' F R F2 U F
54,F U' R U R' F' U' L2 B L B' L
54,R U' B U2 B2 R B R2 U2 F' U' F
54,B2 U2 L' B' L B2 U B2 U B U2 B
54,L U L' U L2 R' F' L' F R U2 L'
54,F' U2 B L F' L' B' F2 U F' U F
54,R U2 R2 U' R2 B U' B2 R' B2 U' B'
54,B U' L' F U' F2 L F2 U F' L B'
54,B U R' U2 R B2 L' B2 L2 U' L' B'
54,R B U B2 R2 B R2 F' U2 F U' R'
54,R U R2 F L2 D' F D F' L2 F' R
54,B L' U2 F' L F2 U2 F' L2 B L' B2
54,F R2 B' F R' D2 R' D2 R D2 B F2
54,B' R' F2 D2 L B2 L B2 L2 D2 B F2
55,L U2 L2 U' L U' L' U2 B L B'
55,R' U2 R2 U R' U R U2 B' R' B
55,R B U' L U L2 B' R' B L B'
55,L' B' U R' U' R2 B L B' R' B
55,L D' L2 U B' U2 B U' L2 D L'
55,L' D L2 U' F U2 F' U L2 D' L
55,L U' F2 D F' U2 F D' F2 U L'
55,L' U B2 D' B U2 B' D B2 U' L
55,R B2 L2 D L D' B2 R' B L B'
55,L' B2 R2 D' R' D B2 L B' R' B
55,B L' U' B' U B2 L B2 U' B U B'
55,F' L U F U' F2 L' F2 U F' U' F
55,B L' B U' B L B L' B2 U B2 L
55,B L' U' L2 U' L2 U2 B L B' U' B'
55,F' L F' U F' L' F' L F2 U' F2 L'
55,B' R U R2 U R2 U2 B' R' B U B
55,R' U2 R2 U B U2 L U L' B2 R' B
55,L U2 L2 U' B' U2 R' U' R B2 L B'
55,B L2 F' L' B' F2 U F' U' B L' B'
55,B' R2 F R B F2 U' F U B' R B
55,R B2 L' D B D2 R D R2 B2 L B'
55,L' B2 R D' B' D2 L' D' L2 B2 R' B
56,L F R F' L2 F U R' U' F' L
56,R' F' L' F R2 F' U' L U F R'
56,R B' R' B U2 R' U R U' B U2 B'
56,L' B L B' U2 L U' L' U B' U2 B
56,F R U R' U' R F' L F R' F' L'
56,F' L' U' L U L' F R' F' L F R
56,R U2 L' U R' U' L F2 L F L' F
56,R' U2 L U' R U L' B2 L' B' L B'
56,L F L' U R U' L R2 F R F2 L'
56,L' B' L U' R' U L' R2 B' R' B2 L
56,F' U' L U2 L U' L U L' U2 L' U' F
56,F U R' U2 R' U R' U' R U2 R U F'
56,B U L U' F U' F' L' U' L U L' B'
56,B' U' R' U F' U F R U R' U' R B
56,F R U R' U2 R' U2 R U F' R' U R
56,F' L' U' L U2 L U2 L' U' F L U' L'
56,R B' R' B U2 B U' B L' B' L U' B'
56,L' B L B' U2 B' U B' R B R' U B
56,F R U R' U2 B U B' F' U2 B U B'
56,B' R' U' R U2 F' U' B F U2 F' U' F
56,B U' R' U L2 U' R U L' U L' U' B'
57,L U' L' U L R' F' L F L2 R
57,L' R' U L U' L' R B L' B' L2
57,L U L' B' F U R' U' R B F'
57,R U B' U' B R' U B L' B' L
57,R' U' F U F' R U' F' L F L'
57,F2 L F L' F R U R' F' U' F
57,F2 R' F' R F' L' U' L F U F'
57,R B L U' L' B' U2 B U B' R'
57,L' U' L' B' U' B U L2 U2 L' U' L
57,F R U2 R' U F' L F' L' F2 U F'
57,F' L' U2 L U' F R' F R F2 U' F
57,R U2 R' U' R B U2 B' R' F' U F
57,B U' B' L' R B2 R' U' B U B2 L
57,R B U' B' U2 L R2 D' F D L' R
57,L' U B2 F D' R' D B' F' L' B' L2
57,F U L F' D R' F' R' D R2 D2 L'
57,F L' D2 U2 R U' R' D2 U2 L U F'
57,F R U2 R2 F2 D' F' D F' R U2 F'
57,L U2 F' L D' L D L2 F2 U2 F' L'
57,F' R U F R' D2 L2 D L' F' L' D
57,D' B R' U' B' R D2 L2 D' L B L
57,F2 U F2 R B L' U2 L B' R' U' F2
57,B' R B2 F2 L' D L B2 F2 R' U' B
57,L2 D' B2 D L2 B F R U2 R' B' F'
57,B2 D' R2 F' L' B U2 B' L F D B2
