Aa,R B' R F2 R' B R F2 R2
Aa,F2 R2 F L F' R2 F L' F
Aa,R2 F2 U B2 U' F2 U B2 U' R2
Aa,R' L2 F' R B2 R' F R B2 L2
Aa,F2 U' R2 U R2 F2 D R2 D' R2
Aa,F2 U' L2 U R2 U' L2 U R2 F2
Aa,F2 D' F2 D R2 F2 U F2 U' R2
Aa,F' B' D2 F U F' D2 F U' B
Aa,L U' R D2 R' U R D2 R' L'
Aa,L2 B2 D F2 D' B2 D F2 D' L2
Aa,B2 D' R2 D L2 D' R2 D L2 B2
Aa,B2 L2 F R F' L2 F R' F' B2
Aa,R B U' F' U B U' F U B2 R'
Aa,R B2 D F' D' B D F D' B R'
Aa,R2 F L B' L' F2 L B L' F R2
Aa,R2 L' D' R U2 R' D R U2 R L
Aa,F B U2 F D F' U2 F D' F2 B'
Aa,F2 R B' L B R2 B' L' B R F2
Aa,F' L D' R D L D' R' D L2 F
Aa,F' L2 U R U' L U R' U' L F
Aa,D R B' R F2 R' B R F2 R2 D'
Aa,D F2 R2 F L F' R2 F L' F D'
Aa,D2 R B' R F2 R' B R F2 R2 D2
Aa,D' F2 R2 F L F' R2 F L' F D
Aa,L U F' D' F U F' D F U2 L'
Aa,L U2 B D' B' U B D B' U L'
Aa,L2 B L F' L' B2 L F L' B L2
Aa,B2 L B' R B L2 B' R' B L B2
Aa,B' U L' D L U L' D' L U2 B
Aa,B' U2 R D R' U R D' R' U B
Aa,R U2 B' L2 B R B' L2 B R' U2 R'
Aa,R F U' R D R' U R D' R' F' R'
Aa,R F R' F' R B R' F R F' B' R'
Aa,R F2 U F' U' B U F U' F2 B' R'
Aa,R F2 B' D' F' D B D' F D F2 R'
Aa,R F' U F2 U' B U F2 U' F B' R'
Aa,R F' B' R F' R' B R F R' F R'
Aa,R D2 F' R2 F L F' R2 F L' D2 R'
Aa,R L D2 F U2 F' D2 F U2 F' R' L'
Aa,R B L' U R U' L U R' U' B' R'
Aa,R B' R F2 R' B' R2 L2 F2 R B2 L2
Aa,R B' R' B2 L2 B2 R B R' B2 L2 B2
Aa,R B' L' D2 L2 D2 L B R' B2 L2 B2
Aa,R2 U B2 R F R' B2 R F' R' U' R2
Aa,R2 U' D R2 U L2 U' R2 U L2 D' R2
Aa,R2 D' F2 U R2 U D2 B2 U L2 B2 D'
Aa,R2 D' F2 U R2 U' F2 U R2 F2 U2 D
Aa,F2 L2 U R2 D' B2 U2 D' L2 D' R2 D'
Aa,F2 L2 U R2 D' B2 D R2 D' L2 U2 D
Aa,D F R' F L2 F' R F L2 F2 U' D'
Aa,D L2 F2 L B L' F2 L B' L U' D'
Aa,D2 F R' F L2 F' R F L2 F2 U' D2
Aa,D2 L2 F2 L B L' F2 L B' L U' D2
Aa,D' R2 D' F2 U R2 U D2 B2 U L2 B2
Aa,D' F R' F L2 F' R F L2 F2 U' D
Aa,D' L2 F2 L B L' F2 L B' L U' D
Aa,D' L2 D' R2 U2 D' B2 D' L2 U R2 F2
Aa,D' L2 D' L2 U' D2 R2 F2 U F2 U' R2
Aa,D' B2 R2 U B2 U D2 L2 U F2 D' L2
Aa,L2 U' F2 U F2 L2 U L2 D' L2 U2 D
Aa,L2 U' F2 U F2 L2 U' D2 R2 D' R2 D'
Aa,L2 D' R2 U2 D' B2 D' L2 U R2 F2 D'
Aa,L2 D' L2 U' D2 R2 F2 U F2 U' R2 D'
Aa,B2 R2 U B2 U D2 L2 U F2 D' L2 D'
Aa,B2 R2 U B2 U' R2 U B2 D' R2 U2 D
Aa,R2 U D2 L2 U F2 U D2 R2 D L2 B2 D'
Aa,R2 U' R2 U B2 U D2 L2 U2 D' L2 B2 D'
Aa,F B D2 F' B' U' F U' B D2 B' U F'
Aa,F2 U' D F2 D L2 U' R2 U L2 D' R2 D'
Aa,F2 L2 U2 D' F2 D' R2 U2 D' B2 U' R2 D'
Aa,F2 L2 D B2 D' L2 U2 D' F2 U D2 R2 D'
Aa,F' U F' R2 F U' F U' D2 B2 L2 B2 D2
Aa,F' U B' D2 B U' F U' F' B' D2 F B
Aa,D R2 D' F2 U R2 U D2 B2 U L2 B2 D2
Aa,D R2 D' F2 D B2 D' F2 D B2 R2 U' D'
Aa,D R2 B2 L F L' B2 L F' R2 L' U' D'
Aa,D R' L' D2 L U L' D2 L U' R U' D'
Aa,D F2 L2 U R2 U' L2 U R2 U' F2 U' D'
Aa,D F2 L2 U R2 D' B2 U2 D' L2 D' R2 D2
Aa,D F' B2 L' F R2 F' L F R2 B2 U' D'
Aa,D L2 U' F2 U F2 L2 U' D2 R2 D' R2 D2
Aa,D L2 U' F2 U F2 L2 D F2 D' F2 U' D'
Aa,D B U' F D2 F' U F D2 F' B' U' D'
Aa,D B2 R2 U B2 U D2 L2 U F2 D' L2 D2
Aa,D B2 R2 D L2 D' R2 D L2 D' B2 U' D'
Aa,D2 R2 D' F2 U R2 U D2 B2 U L2 B2 D
Aa,D2 R2 D' F2 U R2 U' F2 U R2 F2 U2 D'
Aa,L' U R' U2 L2 D F2 D' L' U' R
Aa,B U' F' D' L2 D F2 U2 B' U F'
Aa,R2 F2 U R2 U' F2 U R2 D' F2 U D
Aa,F2 D' L2 U F2 U' L2 U F2 L2 U D
Aa,D L F' L B2 L' F L B2 L2 U2 D'
Aa,D B2 L2 B R B' L2 B R' B U2 D'
Aa,D2 L F' L B2 L' F L B2 L2 U2 D2
Aa,D2 B2 U' L2 U L2 B2 U2 D' R2 D' R2
Aa,D' L F' L B2 L' F L B2 L2 U2 D
Aa,D' B2 L2 B R B' L2 B R' B U2 D
Aa,L2 B2 U F2 D' R2 D F2 D' B2 U D
Aa,B2 U' L2 U L2 B2 U B2 D' B2 U D
Aa,B2 U' L2 U L2 B2 U2 D' R2 D' R2 D2
Aa,R U' L D2 L' U R' U2 R L D2 R' L'
Aa,R L U' R' D' L' U2 L D R U' R' L'
Aa,R2 F2 U R2 U D2 B2 U L2 D' B2 U' D'
Aa,R2 F2 U R2 D' L2 U' D2 B2 U2 D L2 D2
Aa,R' F L F' L2 U2 L2 F' R' F' L' F2 R2
Aa,R' L2 D' L U2 L' D L' F2 R' L' F2 R2
Aa,F B U2 B2 R2 F2 B L F' R2 F L' F
Aa,F2 U D2 B2 D F2 U' L2 U2 D' L2 B2 D2
Aa,F2 U2 D R2 U B2 D' F2 U' D2 L2 B2 D2
Aa,F2 U2 D R2 U' D2 F2 D' B2 U L2 B2 D2
Aa,F2 U' F2 D B2 U D2 L2 U2 D' L2 B2 D2
Aa,F2 D' L2 U F2 U D2 R2 U B2 R2 U' D'
Aa,F' B' U' B D F U2 F' D' B' U' F B
Aa,F' B' D2 F B U2 B' U F' D2 F U' B
Aa,D R U' L D2 L' U L D2 R' L' U2 D'
Aa,D R2 F2 D B2 D' F2 D B2 D' R2 U2 D'
Aa,D R2 L' B' L F2 L' B L F2 R2 U2 D'
Aa,D F2 R2 B L B' R2 B L' F2 B' U2 D'
Aa,D F2 D' L2 D R2 D' L2 D R2 F2 U2 D'
Aa,D F' B' D2 B U B' D2 B U' F U2 D'
Aa,D L2 B2 U F2 U' B2 U F2 U' L2 U2 D'
Aa,D L' U R' U2 L2 D F2 D' L' U' R D'
Aa,D B U' F' D' L2 D F2 U2 B' U F' D'
Aa,D B2 U' R2 U L2 U' R2 U L2 B2 U2 D'
Aa,D B2 D' B2 U2 D' R2 F2 U F2 U' R2 D
Aa,D B2 D' B2 D L2 B2 U B2 U' L2 U2 D'
Aa,D2 R U' L D2 L' U L D2 R' L' U2 D2
Aa,R2 U' B2 U B2 R2 U R2 D' R2 D
Aa,R2 D' R2 U R2 F2 U F2 U' R2 D
Aa,R2 D' L2 D B2 D' L2 U R2 F2 D
Aa,F2 L2 U F2 U' L2 U F2 D' L2 D
Aa,F2 L2 F2 U F U' F L2 F' U F'
Aa,D R2 U' B2 U B2 R2 U R2 D' R2
Aa,D R2 D' R2 U R2 F2 U F2 U' R2
Aa,D R2 D' L2 D B2 D' L2 U R2 F2
Aa,D F2 L2 U F2 U' L2 U F2 D' L2
Aa,D L2 D' B2 U L2 U' B2 U L2 B2
Aa,D B2 R2 U L2 D' F2 D L2 D' R2
Aa,L2 D' B2 U L2 U' B2 U L2 B2 D
Aa,B2 R2 U L2 D' F2 D L2 D' R2 D
Aa,B' U B' L2 B U' B U B2 L2 B2
Aa,D R2 B2 R F R' B2 R F' R U D'
Aa,D B L' B R2 B' L B R2 B2 U D'
Aa,D2 R2 U' B2 U B2 R2 U R2 D' R2 D'
Aa,D2 R2 D' R2 U R2 F2 U F2 U' R2 D'
Aa,D2 R2 D' L2 D B2 D' L2 U R2 F2 D'
Aa,D2 L2 D' B2 U L2 U' B2 U L2 B2 D'
Aa,D2 B L' B R2 B' L B R2 B2 U D2
Aa,D2 B2 R2 U L2 D' F2 D L2 D' R2 D'
Aa,D' R2 D' L2 D B2 D' L2 U R2 F2 D2
Aa,D' R2 B2 R F R' B2 R F' R U D
Aa,D' F2 L2 U F2 U' L2 U F2 D' L2 D2
Aa,D' L2 D' B2 U L2 U' B2 U L2 B2 D2
Aa,D' B L' B R2 B' L B R2 B2 U D
Aa,D' B2 R2 U L2 D' F2 D L2 D' R2 D2
Aa,R2 U F2 U' R2 U F2 D' F2 D R2 F2 R2
Aa,R2 U F2 U' R2 D R2 D' R2 U R2 F2 R2
Aa,R2 U F2 R2 F' U' B U2 F' U B' U2 R2
Aa,R2 U F2 R2 B D B' R2 B D' F2 B' R2
Aa,R2 U F2 D' F2 D F2 U' R2 U R2 F2 R2
Aa,R2 U D2 F2 U F2 L2 U L2 U2 D R2 D
Aa,R2 U2 F' U B' U2 F U' B' R2 B2 U R2
Ab,"R2 F2 R' B' R F2 R' B R'
Ab,"F' L F' R2 F L' F' R2 F2
Ab,"R L D2 R' U' R D2 R' U L'
Ab,"R2 U F2 U' F2 R2 D' F2 D F2
Ab,"R2 U B2 U' F2 U B2 U' F2 R2
Ab,"R2 D R2 D' F2 R2 U' R2 U F2
Ab,"F B2 R F' L2 F R' F' L2 B2
Ab,"F2 R2 U' L2 U R2 U' L2 U F2
Ab,"L2 D F2 D' B2 D F2 D' B2 L2
Ab,"L2 B2 R' F' R B2 R' F R L2
Ab,"B2 L2 D' R2 D L2 D' R2 D B2
Ab,"B' U F' D2 F U' F' D2 F B
Ab,"R B2 U' F' U B' U' F U B' R'
Ab,"R B' D F' D' B' D F D' B2 R'
Ab,"R2 F' L B' L' F2 L B L' F' R2
Ab,"R' L' U2 R' D' R U2 R' D R2 L
Ab,"F2 R' B' L B R2 B' L' B R' F2
Ab,"F2 B D F' U2 F D' F' U2 F' B'
Ab,"F' L2 D' R D L' D' R' D L' F
Ab,"F' L' U R U' L' U R' U' L2 F
Ab,"D R2 F2 R' B' R F2 R' B R' D'
Ab,"D F' L F' R2 F L' F' R2 F2 D'
Ab,"D2 R2 F2 R' B' R F2 R' B R' D2
Ab,"D2 F' L F' R2 F L' F' R2 F2 D2
Ab,"D' R2 F2 R' B' R F2 R' B R' D
Ab,"D' F' L F' R2 F L' F' R2 F2 D
Ab,"L U2 F' D' F U' F' D F U' L'
Ab,"L U' B D' B' U' B D B' U2 L'
Ab,"L2 B' L F' L' B2 L F L' B' L2
Ab,"B2 L' B' R B L2 B' R' B L' B2
Ab,"R2 B2 U' R2 U B2 U' R2 D B2 D'
Ab,"R2 B2 R2 U' R' U R' B2 R U' R
Ab,"F2 U L2 U' L2 F2 U' F2 D F2 D'
Ab,"F2 D F2 U' F2 R2 U' R2 U F2 D'
Ab,"F2 D B2 D' L2 D B2 U' F2 R2 D'
Ab,"D' R2 B2 U' R2 U B2 U' R2 D B2
Ab,"D' F2 U L2 U' L2 F2 U' F2 D F2
Ab,"D' F2 D F2 U' F2 R2 U' R2 U F2
Ab,"D' F2 D B2 D' L2 D B2 U' F2 R2
Ab,"D' L2 F2 U' B2 D R2 D' B2 D F2
Ab,"D' B2 D L2 U' B2 U L2 U' B2 L2
Ab,"L U' L B2 L' U L' U' L2 B2 L2
Ab,"L2 F2 U' B2 D R2 D' B2 D F2 D'
Ab,"B2 D L2 U' B2 U L2 U' B2 L2 D'
Ab,"D R2 B2 U' R2 U B2 U' R2 D B2 D2
Ab,"D F2 U L2 U' L2 F2 U' F2 D F2 D2
Ab,"D F2 D F2 U' F2 R2 U' R2 U F2 D2
Ab,"D F2 D B2 D' L2 D B2 U' F2 R2 D2
Ab,"D F2 L2 F' R' F L2 F' R F' U' D'
Ab,"D L2 F2 U' B2 D R2 D' B2 D F2 D2
Ab,"D L' B L' F2 L B' L' F2 L2 U' D'
Ab,"D B2 D L2 U' B2 U L2 U' B2 L2 D2
Ab,"D2 R2 B2 U' R2 U B2 U' R2 D B2 D
Ab,"D2 F2 U L2 U' L2 F2 U' F2 D F2 D
Ab,"D2 F2 D F2 U' F2 R2 U' R2 U F2 D
Ab,"D2 F2 D B2 D' L2 D B2 U' F2 R2 D
Ab,"D2 F2 L2 F' R' F L2 F' R F' U' D2
Ab,"D2 L2 F2 U' B2 D R2 D' B2 D F2 D
Ab,"D2 L' B L' F2 L B' L' F2 L2 U' D2
Ab,"D2 B2 D L2 U' B2 U L2 U' B2 L2 D
Ab,"L' U R D B2 D' R2 U2 L U' R
Ab,"R2 D B2 U' R2 U B2 U' R2 B2 U' D'
Ab,"D2 L2 U B2 U' B2 L2 U2 D F2 D F2
Ab,"R L U L' D' R' U2 R D L U R' L'
Ab,"R2 U2 D' F2 U D2 R2 D L2 U' B2 L2 D2
Ab,"R' L' U2 L2 F2 R2 L' B' R F2 R' B R'
Ab,"F R' B' R B2 U2 B2 R F R B R2 F2
Ab,"F B2 D B' U2 B D' B R2 F B R2 F2
Ab,"F' B' U F D B U2 B' D' F' U F B
Ab,"R U R' F' U2 R L' U' L' U R' U' L2 F
Ab,"R U2 F2 R' D' B2 D R D' B2 D' L D2 F2
Ab,"R2 F2 L' B' L F2 L' B L' U2 D2 R2 L2 D2
Ab,"F U2 F2 L F L2 B' R' U2 B L B' R B
Ab,"F R' F R2 B2 L' D2 L B R' F' B U2 F'
Ab,"F2 U2 R2 D2 B2 D' R2 U' R2 B2 D' R2 U F2
Ab,"F2 D' L2 D' L' D' R D2 L' D R' F2 U2 R2
Ab,"F2 B2 U2 D2 F' R F' L2 F R' F' L2 B2 D2
Ab,"L F2 U' B' U F' U' F' B U2 L' B' U B
Ab,"L B2 R D2 R2 F2 R U' R D2 R' U B2 L'
Ab,"L2 D F2 R2 U' D2 B2 U' B2 L2 D' B2 R2 D2
Ab,"L' D2 L U' L' D2 L F D F' U' F D' F'
Ab,"B U F2 B2 D2 F D2 F2 D' R2 D B U F'
Ab,"B U2 B2 R' F' R B' L2 B' L2 B' R' F R
Ab,"B U' F D2 F2 D' L2 D F2 U2 D2 B' U F'
Ab,"B2 U2 R2 F' U B' U2 F U' B' U' B2 U' R2
Ab,"R2 B2 U' F2 D L2 U2 D B2 D F2 D
Ab,"R2 B2 U' F2 D L2 D' F2 D B2 U2 D'
Ab,"F2 D R2 U' F2 U R2 U' F2 R2 U2 D'
Ab,"F2 D R2 U' F2 U' D2 L2 U' B2 L2 D
Ab,"D R2 B2 U' F2 D L2 U2 D B2 D F2
Ab,"D R' F R' B2 R F' R' B2 R2 U D'
Ab,"D F2 D R2 U' F2 U' D2 L2 U' B2 L2
Ab,"D L2 F2 U' L2 U' D2 B2 U' R2 D B2
Ab,"D B2 U R2 U' R2 B2 U D2 F2 D F2
Ab,"D B2 R2 B' L' B R2 B' L B' U D'
Ab,"D B2 D F2 U2 D L2 D B2 U' F2 R2
Ab,"D B2 D B2 U D2 F2 R2 U' R2 U F2
Ab,"D2 R' F R' B2 R F' R' B2 R2 U D2
Ab,"D2 B2 R2 B' L' B R2 B' L B' U D2
Ab,"D' R' F R' B2 R F' R' B2 R2 U D
Ab,"D' B2 R2 B' L' B R2 B' L B' U D
Ab,"L2 F2 U' L2 U F2 U' L2 D F2 U2 D'
Ab,"L2 F2 U' L2 U' D2 B2 U' R2 D B2 D
Ab,"B2 U R2 U' R2 B2 U D2 F2 D F2 D
Ab,"B2 U R2 U' R2 B2 U' B2 D B2 U2 D'
Ab,"B2 D F2 U2 D L2 D B2 U' F2 R2 D
Ab,"B2 D F2 D' R2 D F2 U' B2 L2 U2 D'
Ab,"B2 D B2 U D2 F2 R2 U' R2 U F2 D
Ab,"B2 D B2 U' B2 L2 U' L2 U B2 U2 D'
Ab,"R U' R F2 R' U R' U D2 L2 B2 L2 D2
Ab,"R U' L D2 L' U R' U R L D2 R' L'
Ab,"R2 U D' R2 D' B2 U F2 U' B2 D F2 D
Ab,"R2 B2 U2 D R2 D F2 U2 D L2 U F2 D
Ab,"R2 B2 D' L2 D B2 U2 D R2 U' D2 F2 D
Ab,"R' L' D2 R L U R' U L' D2 L U' R		
E,"R L F L' B L F' R' L' F R B' R' F'
E,"R B' R' D' F D2 R D' B D R' D2 F' D
E,"R2 U R2 U' F2 U R2 B2 D' L2 D B2 U' R2
E,"R2 U B2 D' L2 D B2 R2 U' F2 U R2 U' R2
E,"R' F R D B' D2 R' D F' D' R D2 B D'
E,"R' L' F' R B' R' F R L F' L' B L F
E,"R' L' B' L F' L' B R L B' R' F R B
E,"F U' B D2 B' U F' B U' F D2 F' U B'
E,"F R B R' F' R L F L' B' L F' R' L'
E,"F D2 R D' B' D R' D2 F' D R B R' D'
E,"F' U B' D2 B U' F B' U F' D2 F U' B
E,"F' D2 L' D B D' L D2 F D' L' B' L D
E,"D L F' L' D' B D2 L D' F D L' D2 B'
E,"D B' D2 R' D F D' R D2 B D' R' F' R
E,"D' L' B L D F' D2 L' D B' D' L D2 F
E,"D' B D2 L D' F' D L' D2 B' D L F L'
E,"L2 D R2 D' B2 U F2 L2 U' B2 D F2 D' L2
E,"L2 D' R2 U L2 D' F2 R2 D L2 U' B2 D L2
E,"B L F L' B' R L B R' F' R B' R' L'
E,"B' R' F' R B R' L' B' L F L' B R L
E,"R2 U R2 U2 F2 U' F2 D' F2 L2 U2 L2 U' F2 D
E,"R2 U B2 D2 B U F' D2 F U' B U' R2 U' F2
E,"R2 U' F2 U' L U' R D2 R' U L D2 L2 U F2
E,"R' U' R' D F D' R U D R U' R' F' D' R
E,"R' F' U B U' F D2 R U' R' U2 D2 B' U2 R
E,"R' F' R L' F R U' R2 D' L' F' D F2 R L
E,"R' D2 F' D L D' F D2 R D' F' L' F U' D
E,"R' B' U' L' D2 R' D B U' D B' U B2 R L
E,"F U2 L' U2 D2 F' U' F D2 R U' L U R' F'
E,"F R' F' U' F U D F D' R D F' U' D' F'
E,"F B R2 U R' U' D R D B' D2 F' U' R' B'
E,"F B R2 D R' B' D' F2 U' F R F B' R' F'
E,"F2 U R2 U' L2 D B2 R2 D' L2 D R2 U' R2 D'
E,"F2 U' F2 D B2 U' R2 F2 D L2 D' F2 U R2 D'
E,"F' R' F' L F R L' U L' B L' B' L2 U2 F
E,"F' L F D R' D2 F' D L' D' F D2 R U' D'
E,"D L2 U F2 U2 L2 U' F2 U L2 F2 D2 B2 D B2
E,"D' B2 U L2 U' R2 D F2 L2 D' R2 D L2 U' L2
E,"D' B2 U' R2 U L2 U' R2 B2 U L2 U' B2 D L2
E,"L U2 F2 R' F' R F' U F' B L F L' B' L'
E,"F2 U F2 U2 L2 U' L2 U' F2 L2 U2 L2 U' F2
E,"B2 D B2 U2 B2 L2 U B2 U B2 U2 L2 D' B2
E,"R U2 F' D2 F U2 R' U2 R U2 F' D2 F U2 R'
E,"R B' R' D' F D2 R D' B D R' D2 F' U2 D
E,"R' F R D B' D2 R' D F' D' R D2 B U2 D'
E,"F U' B D2 B' U F' U2 F U' B D2 B' U F'
E,"F D F2 R' F2 D F' U2 F D B2 L' B2 D F'
E,"F D2 R D' B' D R' D2 F' D R B R' U2 D'
E,"F2 U R2 U2 F2 U' R2 U F2 R2 U' D' F2 D F2
E,"F2 U R2 D2 B2 D' B2 U R2 B2 U2 B2 U2 D' F2
E,"F2 U L2 U' D' B2 L2 U B2 U' L2 U2 B2 D F2
E,"F2 U L2 D2 R2 B2 D B2 D L2 U D R2 D' F2
E,"F2 U2 D B2 U2 B2 R2 U' B2 D B2 D2 R2 U' F2
E,"F2 U' D2 L2 D2 F2 D' F2 U L2 F2 U2 F2 D F2
E,"F2 D R2 U' D' L2 D' B2 D' B2 R2 D2 L2 U' F2
E,"F2 D' L2 U D R2 D B2 D B2 L2 D2 R2 U F2
E,"F2 D' L2 D2 B2 U B2 U' D2 L2 F2 U2 F2 D F2
E,"F' U B' D2 B U' F U2 F' U B' D2 B U' F
E,"F' D2 L' D B D' L D2 F D' L' B' L U2 D
E,"F' D' F2 L F2 D' F U2 F' D' B2 R B2 D' F
E,"R U R D' B' D R' U' D' R' U R B D R'
E,"R F U L D2 R D' F' U D' F U' F2 R' L'
E,"R D2 B D' L' D B' D2 R' D B L B' U D'
E,"R B U' F' U B' D2 R' U R U2 D2 F U2 R'
E,"R B R' L B' R' U R2 D L B D' B2 R' L'
E,"R2 U R2 D2 B2 U' B2 D' B2 R2 U2 R2 U' B2 D'
E,"R2 U B2 U L' U R' D2 R U' L' D2 L2 U' B2
E,"R2 U' F2 D2 F' U' B D2 B' U F' U R2 U B2
E,"R' U2 F2 L F L' F U' F B' R' F' R B R
E,"F L F R' F' R L' U' R B' R B R2 U2 F'
E,"F2 U R2 U' L2 U R2 F2 U' L2 U F2 D' L2 D
E,"F2 U' F2 U R2 U' F2 L2 U R2 D' B2 U L2 D
E,"F' U2 R U2 D2 F U F' D2 L' U R' U' L F
E,"F' D L F U F' U' D' F' D L' D' F U F
E,"F' L F D R' D2 F' D L' D' F D2 R U D'
E,"F' B' R2 U' R U D' R' D' F D2 B U R F
E,"F' B' R2 D' R F D B2 U B' R' F B' R B
E,"D' L2 U F2 U2 L2 U' F2 U L2 F2 U2 F2 D F2
E,"R U B' U' B R' B' U2 L U' R' U L' U' R B
E,"R U2 F U' B' U F' U' B R' B' R U' R' U B
F,"R F2 R' B R B2 D2 F L F' D2 F2 B R'
F,"R F2 B' D2 F L' F' D2 B2 R' B' R F2 R'
F,"R2 B U B' R2 F D' L2 F B' U2 B D F2
F,"R' U D2 B2 D' R D B2 U2 L U L' D2 R
F,"R' D2 L U' L' U2 B2 D' R' D B2 U' D2 R
F,"R U2 F2 R' F D2 B' L B' L' B2 D2 F U2 R'
F,"R U2 D' F' R F U2 D B U B U' B' R' B'
F,"R U' R' U R2 B U B' U' R' U R2 F R F'
F,"R B' D F' D2 R' D' R D' F D' B' L' B2 R'
F,"R2 U2 F2 D' F2 D R2 D' L2 U2 L2 F2 U' F2 D
F,"R2 F2 D' F2 L' U L' U' L D' L' D L D R2
F,"R2 B2 U' F2 U L2 B2 U R2 U' B2 D L2 B2 R2
F,"F R' F' R2 U' R U B U' B' R2 U' R U R'
F,"F2 U L2 B2 D F2 D' F2 L2 D' R2 D L2 B2 L2
F,"F' L F L2 U L' U' B' U B L2 U L' U' L
F,"F' L B' U2 F R' F R B R' B D2 B' R F'
F,"D B2 U2 R2 U' R2 U' R2 U B2 D2 F2 L2 D F2
F,"L2 B2 L2 D' R2 D L2 F2 D F2 D' B2 L2 U' F2
F,"L' U L U' L2 B' U' B U L U' L2 F' L' F
F,"L' U2 F' U2 R U R' U F2 D' L D F' U2 L
F,"F B' R2 B' D F' R2 B U' F2 B L2 F2
F,"L2 F2 R L2 U' R B2 L' D R' B2 R' L
F,"R2 U2 F2 D' L2 D' B2 D F2 U2 F2 L2 D F2
F,"R2 U' R' B' R2 F2 D B2 L B2 D' F2 B R
F,"F U' F' U F2 R U R' U' F' R' F R F2
F,"L2 B L B' L' U' B' U B L2 U L' U' L
F,"B R L2 D' R2 F R2 D L2 B2 R' B' U' B2
F,"R F' R B2 R' F R' L2 D' R2 D2 F2 D' L2 B2
F,"R B2 D2 L D' L' D R' B2 U2 R' F2 L' U' R
F,"R2 U B2 U B2 R2 U2 R2 U B2 U' B2 D' R2 D
F,"F B' L2 B U' F R2 B' D B R2 B2 U2 F2 B2
F,"F2 R2 D' F2 L2 F2 D2 R2 U R2 U' R2 B2 D' F2
F,"F2 B2 D2 L2 U R2 L2 F2 U' L2 D B2 L2 D B2
F,"F' D2 B U2 D F' D' B L2 D' B' R2 B' D' F2
F,"F' B2 D' B D2 F' D B' D F2 B2 U' F2 R2 F2
F,"L D2 R2 L D2 L2 B2 L' D' L B2 R' U F2 R'
F,"L2 F2 U' R2 L D' L D R2 L' U F2 L U' L
F,"L2 F2 L2 B2 U L2 D R2 L2 U2 B2 D B2 D' B2
F,"L2 D R L' F2 D2 R' L U R2 U' R2 D B2 L2
F,"L2 B2 U' B' L F R B2 R' F' L' B' U B2 L2
F,"L' F2 U' F' L U' F' R' D R2 U R2 F D' R
F,"B U F2 L U' L U F U' L2 F2 R' F' R B'
F,"B U' F' L2 B' U2 R2 B' D F' D' F D2 R2 B
F,"B L' B' U' D2 B2 L F' D' F' U2 D B2 R F2
F,"B' L2 U B' R2 F D' F' R2 F2 D2 F B2 D2 F
F,"R L' B R2 D2 R2 L B' L U2 R' F L'
F,"R B' L U2 R' F R' L2 D2 L2 F' R L'
F,"L' B R' U2 L F' R2 L D2 R2 F R L'
F,"R2 U' R2 U' R2 U B2 D2 F2 L2 D F2 D B2
F,"F2 U R2 D B2 R2 U2 R2 D L2 D' B2 D' R2
F,"L2 D F2 D R2 D' L2 U2 L2 F2 D' L2 U' B2
F,"R2 U' R2 D' F2 U2 D' F2 D2 B2 R2 U R2 U B2
F,"R2 D2 F2 U L2 D' B2 D F2 U2 F2 L2 D F2 D
F,"R2 L2 D R2 U B2 R2 F2 R2 U B2 D' B2 D B2
F,"R2 L2 D L2 U F2 L2 U F2 D' R2 F2 B2 D F2
F,"R2 L2 D L2 U L2 U' R2 B2 R2 F2 D' R2 U B2
F,"F2 U R2 U' F2 U2 R2 D' F2 D2 B2 U B2 D' R2
F,"F2 U R2 U' F2 B2 L2 U L2 U' F2 D' F2 L2 B2
F,"F2 U L2 D' L2 D R2 B2 R2 F2 U R2 D R2 L2
F,"F2 U2 D F2 D' L2 F2 U2 F2 U' L2 U L2 U L2
F,"F2 U' L2 U' L2 F2 U' D' L2 U' B2 U B2 D L2
F,"F2 R2 B2 D B2 U R2 U' R2 F2 B2 U L2 U' B2
F,"F2 D B2 D L2 U2 B2 D F2 D2 B2 U B2 D' R2
F,"D B2 U' B2 L2 U2 L2 U' B2 D L2 U L2 D2 B2
F,"D B2 D L2 B2 U2 B2 D F2 D' L2 U B2 D2 R2
F,"L2 D F2 U2 D' L2 D' R2 D2 L2 F2 D' L2 U' B2
F,"B2 D L2 D' F2 B2 R2 D R2 D' F2 U' F2 R2 F2
F,"B2 D L2 B2 U2 B2 U L2 U' L2 U' L2 U2 B2 D'
F,"B2 D' R2 D F2 B2 L2 D' L2 D F2 U F2 L2 F2
F,"B2 D' R2 B2 U2 B2 D' F2 D R2 U' B2 D2 L2 D'
F,"R2 F2 R2 L' U L' B2 R D' L B2 R' L
F,"F' B L2 B D' F L2 B' U F2 B' R2 F2
F,"R2 U R2 F2 U2 F2 U R2 D' F2 D F2 U2 R2
F,"R2 B' R' B R U B U' B' R2 U' R U R'
F,"F2 U2 R2 D R2 D' F2 U R2 U2 R2 F2 U F2
F,"F' U F U' F2 L' U' L U F L F' L' F2
F,"B' U2 F B' R2 D F' R2 B U' F2 B L2 F2
F,"B' R2 L' D L2 F' L2 D' R2 B2 L B U B2
F,"R F2 U F R' U F L D' L2 U' L2 F' D L'
F,"R L D' R D' F2 D' L D R' D B2 D R' L2
F,"R2 U F B' D2 L2 F' B D R2 D B2 U' B2 R2
F,"R2 U B2 U2 R2 D B2 D2 F2 U' F2 D R2 U2 B2
F,"R2 F2 R2 B2 U' R2 D F2 U2 R2 L2 D B2 D B2
F,"R2 D F2 R2 B2 R2 U L2 U' L2 D' R2 L2 U2 B2
F,"R2 B2 R2 U R2 L2 D R2 L U L' F2 L U' L
F,"R' D2 R2 L D2 L2 B2 L' D R' B2 L U' F2 L
F,"F U D' L2 D2 F D' L2 B' U2 B D F2 D' F
F,"F D2 B' U2 D' F D B' R2 D B L2 B D F2
F,"F B U2 F B' L2 B D B' L2 F U' F' R2 F2
F,"F2 U F2 D' B2 U' B' U B' L2 B U' B' D L2
F,"F2 R2 U' L' B D' B' L2 U R2 F U F' L' F2
F,"F2 D' L2 U' L2 U F2 D2 B2 R2 U R2 U B2 D'
F,"F2 L2 U L2 F2 L2 U2 F2 D' L2 D F2 L2 U F2
F,"F' U F' R2 U' F B2 D' F' D F' B2 U R2 F2
F,"F' L' F' B D L D' F B2 U' B L2 F' L' F2
Ga,L2 B2 U L2 D' L2 D F2 U' F2 B2 L2
Ga,B' U' B L2 D F' U F U' F D' L2
Ga,R B R' B U L U' B' R B L' B2 R'
Ga,R B2 U' R' U2 L U R L' U2 R B2 R2
Ga,R' U L' U2 R U' L U2 F B U2 F' B'
Ga,L2 F' B2 D F' D' F2 U F U' F' B2 L2
Ga,L2 F' B2 L' F2 R U' R' F' U L B2 L2
Ga,R L U2 D2 L' U' L U2 R' U R D2 R' L'
Ga,R2 L' D' L F2 L' D R2 L F B U2 F' B'
Ga,F2 U R2 U' L2 U B2 L2 D R' L' B2 R' L
Ga,F2 U R' L F2 R L U R2 U' L2 U R2 F2
Ga,F2 U F2 R2 D2 L2 D B2 D R2 U' L2 U2 F2
Ga,F2 U' L2 U2 F2 U L2 F2 U' F2 U' F2 U2 L2
Ga,F' B' D2 F' B2 D B' R2 B D F2 B2 U2 B
Ga,D2 B2 D F2 U2 D' L2 B D F' D2 B D' F'
Ga,L2 F2 B2 R' D' F L D L' F2 R F' B2 L2
Ga,L2 F2 B2 D' L D L' F2 R U' R' U B2 L2
Ga,L2 B L F' D L' D' B2 U B U' F U L
Ga,L2 B2 U B U B' L2 B U' B' L2 U' B2 L2
Ga,L2 B2 U2 D' B2 D' B2 U' D2 F2 U' F2 B2 L2
Ga,L2 B2 R L' U2 L' U' L U2 R' U L B2 L2
Ga,L2 B2 D R2 B2 R2 L2 U F2 D' F2 D R2 F2
Ga,B2 U' F2 U L2 B2 U R2 B2 D F2 B2 R2 F2
Ga,B2 D' F' B U2 F B' U R2 B2 D L2 U' L2
Ga,B2 L2 F2 B' D B' R2 B D' L2 F B' U2 F
Ga,F2 B' D' B R2 F' U F B2 D F2 L2 B2
Ga,F' U B' U2 F U' B U' R L U2 R' L'
Ga,R2 U B2 U' D2 F2 U F' D' B D2 F' D B
Ga,R2 F' R' U' R F R2 U' B R U2 R' U B'
Ga,R2 L2 D R2 L U L' B2 R D' R L2 F2 R2
Ga,B U' B L2 F' D' F B' L2 B' U F2 R2 F2
Ga,R F R2 D' L F2 L' D R2 U' F' R' F U2 F'
Ga,R F' U R2 D2 B' L2 D' B D' R U2 R U R'
Ga,R2 U' R2 D R2 D' F2 U B2 L2 D' R2 F2 B2 L2
Ga,R2 D L2 U2 D' B2 R D L' D2 R D' L' U' D2
Ga,R2 L2 D L2 F2 B2 R U R' F2 L D' L' B2 R2
Ga,R2 B U' R U2 R' B' U' R2 U2 F' R' U R F
Ga,R' F2 L2 F L2 U' F R2 B' R2 U' R B2 U' B'
Ga,F U2 B U2 F U L2 U' L2 U' F' U2 F' L2 B'
Ga,F R2 U' B' R2 F D R2 B' U2 D F2 L2 B2 D2
Ga,F R2 D2 F2 U' L' U F2 D2 R' D B2 D' R' F'
Ga,F2 U2 R2 D B2 D' R' D' L U2 L' D R' U F2
Ga,F2 L2 F2 U F2 R2 U' F2 D F2 D' L2 U R2 F2
Ga,D L2 U L2 U2 B2 D' R2 B2 U' B2 U R2 U2 B2
Ga,D' B2 U D' F2 U R2 D' R2 U R2 D' F2 B2 L2
Ga,L F U' F2 L F2 R' F2 D F' R' D' R2 F2 L2
Ga,L2 U D2 F2 D2 L2 B2 U B2 D L2 U' F2 D' L2
Ga,L2 U' B2 U2 L2 B2 D L2 U2 D' B2 U' L2 U' L2
Ga,L2 F2 R D' R B2 R' D R' U L2 U' L2 U' F2
Ga,L' U2 R L B U B' U2 L' U R' B' U' B L
Ga,F2 D B2 D L2 B D F' D2 B D' F'
Ga,L' U R' U2 L U' R F B U2 F' B'
Ga,R L U2 D2 L D R' F2 R D' L' D2 R' L'
Ga,R2 F2 U R2 U2 D L2 D F2 U' F2 B2 L2 D2
Ga,F R2 F2 R' B U B' U' B' R F2 B R2 F'
Ga,F2 L D' L2 U' L U L2 D L2 F2 R U2 R'
Ga,F' R2 D' F2 U' F' U D R2 U B U2 F B'
Ga,F' D F' R2 B U' B' U F2 U2 F2 R2 D' F2
Ga,L2 F2 R2 L2 U' F2 U R2 L2 F2 D' B2 D L2
Ga,B2 L2 B2 U2 B' U B' L2 B U F' B L2 F
Ga,B' L2 F' D2 F' D' F D2 B' D F B L2 B
Ga,R U' L U2 R' U R2 L D' R2 F2 R2 D R2 L2
Ga,R2 F2 U' F' R B' D' F2 R F2 D B R' F' R2
Ga,R' L2 D' R F2 L' U R2 L U B2 R2 F2 U2 D
Ga,R' B' R F2 D B2 L B L D F' B D2 F' B
Ga,F U2 L' F' L U' L D2 R2 B' R2 D2 L' U' F'
Ga,F B U2 F' U F U2 D2 B' U2 B D2 B' U F'
Ga,F2 U R' D' L D2 R' D L B2 L2 D2 R2 U' F2
Ga,F2 U R' L D2 B2 R L' D L2 B2 U' B2 D L2
Ga,F2 D R L' D2 R' L' U B2 U' B2 D L2 F2 B2
Ga,F2 D R' F R' U' F R F2 R' F R2 F' D' F'
Ga,F2 D F U F' R2 F U' B' D2 L2 F' B D F2
Ga,F2 D B2 L2 U B2 U2 R2 U' B2 U' L2 U' B2 D'
Ga,F2 B2 L D' L' B2 R2 F2 R U R' U2 F2 R2 F2
Ga,F' U' F L2 F U' F2 U2 F U F U2 F' U' L2
Ga,R2 U' F2 R2 F2 B U' F U2 B' U F' R2
Ga,B L2 U' F' L2 B D L2 F' D' F2 L2 B2
Ga,B' U F' U2 B U' F U R L U2 R' L'
Ga,R2 U R' U L' U2 R U' L F2 R2 F2 U2 R2
Ga,F U' F L2 F' U' F' B L2 B' U' F2 L2 F2
Ga,F2 B' R2 D' B' D2 F D L2 F' D' B2 R2 F2
Ga,R U2 R' D2 R U' R' D2 B2 U R U2 R' U' B2
Ga,R U' F2 D B2 D L2 B D L' F' D' B D2 F'
Ga,R F U2 D' L' F L U D R' U R U F' R2
Ga,R2 U R2 D R2 B' L' B R2 B' L B' U2 B2 D'
Ga,R2 U R2 D2 B2 U' B2 L2 D' B2 U' B2 D2 L2 D
Ga,R2 U R2 B2 U2 B2 D R2 D F2 D F2 D2 R2 D'
Ga,R2 U F B' R2 F' B' U B2 R2 U R2 D' R2 D
Ga,R2 U2 F2 D' F2 U' F' D' B U2 B' D F' D F2
Ga,R2 U2 F' U' B U2 F' U B' U R2 U' R2 U' F2
Ga,R2 U' F2 R2 F' B2 D F' L2 F D' F' B2 U2 R2
Ga,R2 U' D2 F U B' U2 F' U L2 U D2 R2 U' F'
Ga,R2 U' D2 L' U R' U2 L U' R B2 L2 B2 D2 R2
Ga,R2 D L2 D' F2 L2 F2 R2 U' R2 F2 U' R2 B2 D'
Ga,R2 D' L2 U R2 U2 F2 U' R2 D' F2 L2 U B2 D2
Ga,R2 D' L2 F2 R L2 U' L U2 R' U L' U' D R2
Ga,R2 L2 F2 R2 U L2 B2 U F2 U' R2 U R2 F2 D
Ga,R' U2 R' D' L2 D B2 D' L' F2 L' U R2 F2 D
Ga,R' U' F R F' U R U2 R U R' U' B' R2 B
Ga,R' L' U L U B' R B' D2 L' D2 F B2 U2 F'
Gb,L2 F2 B2 U F2 U' F2 D F2 D' B2 L2
Gb,R B2 L B' R' B U L' U' B' R B' R'
Gb,F B U2 F' B' U2 L' U R' U2 L U' R
Gb,L2 B2 L' U' F R U R' F2 L F B2 L2
Gb,R L' B2 R L D' L2 B2 U' L2 U R2 U' F2
Gb,R2 D R2 D' F2 R2 U' R L F2 R L' U' F2
Gb,F D B' D2 F D' B' L2 U2 D F2 D' B2 D2
Gb,F2 U2 L2 U R2 D' B2 D' L2 D2 R2 F2 U' F2
Gb,F2 R2 U' R2 U F2 D' R2 B2 U' F2 L2 F2 B2
Gb,F2 R2 F2 B2 U' L2 B2 D' B2 L2 D' L2 D B2
Gb,F' U2 F' B L2 D B' R2 B D' F2 B L2 B2
Gb,D B2 L2 F2 U L B2 D' R' B2 L U B2 R'
Gb,L2 F B2 R' F2 L D' L' F' D R F2 B2 L2
Gb,L2 B2 U L2 B U B' L2 B U' B' U' B2 L2
Gb,L2 B2 U' R U R' F2 L D' L' D F2 B2 L2
Gb,L' U' F' U B' U' B2 D L D' F L' B' L2
Gb,B2 L2 F2 L' F2 U L2 B2 R B2 L U B2 R'
Gb,R F B2 R F' L2 F R' F' L' U L' U' B2 R'
Gb,R D2 L D2 R2 U F2 U' R' D' L2 F2 L D R2
Gb,R D' B2 L2 D' F2 R' U B2 U L D2 B2 U L2
Gb,R L U2 R' F2 U' L' U2 R U' R' L F2 U2 L'
Gb,R L U2 L' U2 B2 R' L U L' U2 R U B2 R'
Gb,R L F U' D B U' B' U' D' F' U2 R' U L'
Gb,R L B2 D2 R L F2 D F2 U F2 U' R2 D B2
Gb,R B2 R2 L U F R' F' R2 L' U' B' R B' R'
Gb,R2 B2 L2 D L B2 D' R' B2 L U B2 R'
Gb,F B U2 F' B' U' L' U R' U2 L U' R
Gb,F2 L U' R U2 L' U R' L2 F2 L2 U F2
Gb,F2 U2 L2 F2 L2 B' U F' U2 B U' F U' F2
Gb,R U R' B' R2 F D' F D2 R D' R' F2 R2 B
Gb,R U2 R' F2 L2 D2 L' D2 L' U' F2 D R2 D' R2
Gb,R L U2 R' L' U' B2 U F2 U' F2 D R2 D' B2
Gb,R L U2 R' L' D2 F' U B' U2 F U' B U D2
Gb,R2 U F U2 F' U' R2 D2 F U F' D2 F U2 F'
Gb,R2 U B2 D B2 D B2 U2 L2 U' F2 L2 U' B2 D2
Gb,R2 U2 R B' R F2 R' B R F2 D' F2 U' F2 D
Gb,R2 U2 R2 U B2 U' F2 U B2 U2 R2 U' R2 U F2
Gb,R2 U2 F2 U' R2 U R2 F2 D R2 D2 F2 U' F2 D
Gb,R2 U' B2 L2 D F2 U L2 U2 F2 U' B2 D F2 D2
Gb,R2 F2 U L2 F2 U F2 L2 B2 L2 D B2 D' F2 D
Gb,R2 F2 U' F2 D R2 B2 L2 B2 U L2 U' B2 L2 D'
Gb,R2 F2 R2 U' F2 D R2 D' F2 R2 U' F2 U F2 R2
Gb,R2 D2 L2 D R2 U' L2 U' F2 U2 R2 D R2 U F2
Gb,R2 L2 B D' B2 R2 D' L2 U F' D F D2 F' D'
Gb,R2 B2 D L2 U B2 D2 R' B R' F2 R B' R' D
Gb,R2 B2 L D2 R D R' D2 L2 D' R' B2 L U R'
Gb,R2 B2 L2 U B R2 D' F' R2 B U R2 F' U' D
Gb,R2 B2 L2 U2 D R' L2 U' R B2 L' D R2 L D2
Gb,R2 B2 L2 D L2 B L' D' B2 R' B L U B2 R'
Gb,R' U L' U D' R' U' D L2 U2 R' U' R2 L' B2
Gb,R L U2 R' L' B2 U F2 U' F2 D R2 D' B2
Gb,R L' U D B2 U' D' R' U R' U2 L U' R
Gb,R2 U' R2 D L2 F2 B2 D' B2 U R2 L2 B2 R2
Gb,R2 U' F2 B D' F U2 F' D F2 B' R2 U R2
Gb,R2 F2 B2 U B2 D' R2 U2 D' L2 U' B2 L2 D2
Gb,R2 D B' U B' U' B D' R' U2 B U B' R'
Gb,R2 D' R L' U2 R' L D B2 D' F2 D B2 R2
Gb,F B U2 F' B' D2 L' U R' U2 L U' R D2
Gb,F2 U2 F R' F L2 F' R F L2 U' F2 U' F2
Gb,F2 U2 F2 L2 U R2 U' L2 U R2 U2 F2 U' F2
Gb,F2 U2 L2 D' L2 U L2 B2 D' B2 D2 L2 U F2
Gb,F2 R2 U F2 D' F2 D R2 L2 B2 R2 D B2 L2
Gb,F2 L2 U B2 L2 D F2 L2 B2 L2 U R2 U' F2
Gb,F2 B2 D2 B' D B' R2 B D' F B2 D2 F B
Gb,F' R2 F' R2 U F2 D' F2 D R2 U' F R2 F
Gb,F' D2 B L2 U' B U L2 U' B' U B' D2 F
Gb,F' D' B D2 F' D B D' R2 D' F2 D' B2 D
Gb,F' B D2 F' B U' R2 U R2 D' R2 F2 D' B2
Gb,F' B2 L2 F B' U F U2 B' U F' B2 L2 B2
Gb,L U2 L' B2 R2 D' R2 U' R' U R2 D R' B2
Gb,B L2 B2 L U L' F L U' L' F' B2 L2 B'
Gb,B2 D F2 D2 B2 R2 D' F D B' D2 F D' B
Gb,B2 D B D2 L' F R2 F' L F2 D' F2 D2 B
Gb,B' D' B' D L2 B2 U2 B2 U' F U F' L2 B2
Gb,B' L2 B2 U F U2 B' U' B U2 F' B2 L2 B
Gb,F B U2 F' B' U L' U R' U2 L U' R
Gb,L2 F2 R2 D' R' L2 U' R B2 L' D R2 L
Gb,R2 B2 R2 U R2 F2 B2 L D L' F2 R U' R
Gb,F2 U F2 U L2 D' B2 D' R2 B2 D2 L2 U F2
Gb,F2 R2 U F2 U F2 U' R U' R F2 R' U R
Gb,L U' B U2 B' L' U B2 R' B' U B R B2
Gb,L2 U F2 U L2 U' L2 U2 B2 D R2 F2 D' B2
Gb,L2 U' F2 R2 D B2 D' R2 D2 B2 D B2 D F2
Gb,L2 D' L2 F2 U F2 U' F2 U2 L2 D L2 U F2
Gb,L' U L' F2 L U' R B2 R L' D L2 B2 R2
Gb,L' D' R D2 L' D R U' R2 U D2 L2 U' B2
Gb,B2 R2 F2 B' D B' L2 F U' F' B2 D' F2 B2
Gb,B2 L2 U L2 D L2 U' L D' L B2 R' U R
Gb,R U2 R' B R U B2 D' F R2 F' D B2 R' B'
Gb,R D L' D2 R D' L' F2 U2 D R2 D' L2 U D2
Gb,R L U2 R' L' U B2 U F2 U' F2 D R2 D' B2
Gb,R B U2 F D' R2 D F' U2 R' B U B2 U' B'
Gb,R B D L2 D' B D2 R2 U' F U R2 D2 B2 R'
Gb,R2 U F2 U F2 U' B D' B L2 B' D B' R2 F2
Gb,R2 U B2 U2 B2 U F2 D' F2 U2 R2 U F2 D F2
Gb,R2 U B2 D2 F2 U B2 U F2 D2 R2 D' F2 D F2
Gb,R2 U2 R2 B2 U R2 D' F2 D' F2 D2 R2 D B2 D'
Gb,R2 U' B D' F U2 F' D B D L2 D' B2 U2 R2
Gb,R2 D L2 U2 L2 D B2 U' L2 D2 B2 U R2 U F2
Gb,R2 D2 L2 F2 U L2 D' B2 D' B2 U2 R2 D B2 D'
Gc,R2 B2 U' R2 D R2 D' F2 U F2 B2 R2
Gc,R2 F B2 R F2 L' U L F U' R' B2 R2
Gc,L U' R U2 L' U R' U2 F' B' U2 F B
Gc,L' B2 U L U2 R' U' R L' U2 L' B2 L2
Gc,R L2 D R' F2 R D' R' L2 F' B' U2 F B
Gc,R2 B' R' F D' R D B2 U' B' U F' U' R'
Gc,F B D2 F B2 D' B L2 B' D' F2 B2 U2 B'
Gc,F2 U R2 U2 F2 U' R2 F2 U F2 U F2 U2 R2
Gc,D L' B2 U R B2 L' D' B2 R U F2 R2 B2
Gc,B2 U F2 U' R2 B2 U' L2 B2 D' F2 B2 L2 F2
Gc,B2 D F B' U2 F' B U' L2 B2 D' R2 U R2
Gc,R2 U' F2 R D' L D2 R' D L' D2 F2 R2 U R2
Gc,R2 L' D' L F2 L' D L' D L2 F2 L2 D' R2 L2
Gc,R' U2 F2 R L' U' L U2 R' U' F2 L' U2 R L
Gc,F R2 B U2 B R2 B' U' B R2 B' U' B' R2 F'
Gc,F D2 B D2 F D' B' L2 F B2 U2 F' B2 D F2
Gc,F2 U R U2 R' L F2 L U' L2 F2 D' L2 D L2
Gc,F2 U2 F2 D R2 U F2 D' L2 U' F2 D2 R2 B2 D2
Gc,F2 U2 D R2 F2 D2 B2 U' F2 U' B2 D R2 U2 F2
Gc,F2 U' R2 U2 R D2 F L' B2 L F' D2 R U F2
Gc,F2 L2 B' D' L2 D' F2 B2 U R2 F D2 F' U B'
Gc,F2 B2 D' F2 L2 F2 D F' D B' U2 B D' F' B2
Gc,F' D' B2 U2 B' D F' D F2 R2 F2 D2 B' D F2
Gc,D' F2 D B2 U' F2 U2 R2 U F2 U F2 R2 U' B2
Gc,L2 U L2 U B2 U2 L2 U' R2 D L2 D' R2 U' B2
Gc,L2 U F2 L2 F2 B' U F' U2 B U' F L2
Gc,B U' F U2 B' U F' U' R' L' U2 R L
Gc,B' R2 U F R2 B' D' R2 F D F2 R2 B2
Gc,F' U F' R2 F U F B' R2 B U F2 R2 F2
Gc,L2 U' L U' R U2 L' U R' F2 L2 F2 U2 L2
Gc,R U R' U' D R2 U' R U' R' U R' U R2 D'
Gc,R L U' R' U' B L' B D2 R D2 F' B2 U2 F
Gc,R B L' B L U D B D' B' U' B2 R2 U R
Gc,R B2 R2 D L' D' R2 U D L' U' L D' B2 R'
Gc,R B2 L2 B' D' B D2 L D' L B2 R' B' U B
Gc,R2 U R2 U2 F2 D' F2 D' L2 D L2 F2 U2 F2 D
Gc,R2 F2 L2 D L2 B2 L D R' D2 L D' R' F2 L2
Gc,R2 D' L2 U2 D F2 R' D' L D2 R' D L U' D2
Gc,R2 L2 F2 L2 U' R2 B2 U' F2 U L2 U' L2 F2 D'
Gc,F L' U' L2 F' L' U D' F' L' F L' U' L2 D
Gc,F2 R2 U' F2 U L2 U' L2 U R2 U' D F2 R2 D'
Gc,F2 R2 F2 U B L2 U' F' L2 B D F2 B2 R2 F'
Gc,D L2 U' L2 D2 B2 D L2 B2 U B2 U' L2 U2 B2
Gc,D L' U F2 D' B2 R2 D' R F2 B2 D' L' D2 L
Gc,D B' R' B L2 B' R B' D2 R2 U F2 D R2 B2
Gc,D' L U2 L D R2 D' B2 D R F2 R U' L2 F2
Gc,D' L2 U' F' B L2 F B U' B2 L2 U' L2 D L2
Gc,D' L' D2 L D L' U F2 D' B2 R2 D' R F2 B2
Gc,L2 U2 B' U B' R2 F D' F D2 F2 R2 B2 U' L2
Gc,L2 U' L2 D' L2 B R B' L2 B R' B U2 B2 D
Gc,R U' L U2 R' U L' F' B' U2 F B
Gc,F2 D' B2 D' R2 B' D' F D2 B' D F
Gc,R2 U R2 F' B2 D B' U2 B D' F B2 U' R2
Gc,R2 F2 R2 L2 U F2 U' R2 L2 F2 D B2 D' R2
Gc,R' F2 U R U2 L' U' B2 R2 L' D2 R2 B2 L2
Gc,B R2 F D2 F D F' D2 B D' F' B' R2 B'
Gc,R U R' F2 L D' L D' B2 U R2 D B2 L2 D
Gc,R2 B2 U' R2 B2 U' B2 D B2 D' B2 U2 R2 B2 R2
Gc,F U F' R2 F' U F2 U2 F' U' F' U2 F U R2
Gc,F U2 R2 D B2 D' R2 U' F L2 U2 F U2 L2 F2
Gc,F D2 F B2 D2 F2 R2 B' U' B R2 B' U R2 B'
Gc,F2 U' R' L D2 B2 R L' D' R2 B2 U B2 D' R2
Gc,F2 U' B2 U R' L' D2 R' L D B2 D' R2 F2 B2
Gc,F2 L U' L' U L F2 U2 F2 L D' L D L F2
Gc,F2 B2 R' D R B2 L2 F2 L' U' L U2 F2 L2 F2
Gc,L2 F' B2 U F' U' F' B2 U' F' U F U F2 L2
Gc,L' U R' U2 L U' R' L2 D L2 F2 L2 D' R2 L2
Gc,B R2 B R U' R U R2 D' R' D R B' R2 B'
Gc,B D2 F' L' U' L' B L2 B' L U L' F D2 B'
Gc,B2 U D2 F2 U2 R2 U R2 F2 D R2 D' R2 D2 B2
Gc,B2 R' U' R B2 L U L2 F2 D L' D' L F2 L
Gc,B2 D2 F2 U F2 U' D2 R2 D' F2 D' F2 D2 R2 B2
Gc,B2 D' R2 D2 F2 U F2 L2 U L2 U2 D R2 D2 B2
Gc,B' U R' F' U' F R2 L' B' R2 B L B' R B2
Gc,B' U F U F2 U B2 D2 B' U F2 B2 D2 F' B2
Gc,F U' B U2 F' U B' U R' L' U2 R L
Gc,F2 B D B' L2 F U' F' B2 D' F2 R2 B2
Gc,R2 U B2 D B2 U2 R2 U' R2 U R2 B2 D' B2
Gc,R2 L2 D' R' L2 U' R B2 L' D R2 L' F2 L2
Gc,L2 U' B2 U D2 F2 U' F D B' D2 F D' B'
Gc,L2 F L U L' F' L2 U B' L' U2 L U' B
Gc,B' U B' R2 F D F' B R2 B U' F2 L2 F2
Gc,R U2 R' L' B' U' B U2 R U' L B U B' R'
Gc,R2 U2 R2 U R2 U F2 D' L2 U' F2 D2 R2 B2 D'
Gc,R2 F2 L' D L' B2 L D' L U' R2 U R2 U F2
Gc,R2 D L2 D2 F2 D' F2 L2 D F2 U F2 U2 R2 D
Gc,R2 L2 D' R2 F2 B2 L' U' L F2 R' D R B2 L2
Gc,R' F' U F2 R' F2 L F2 D' F L D L2 F2 R2
Gc,F2 R2 F2 U' F2 L2 U F2 D' F2 D R2 U' L2 F2
Gc,F2 L2 U R2 B2 U L2 U' F2 D L2 D R2 B2 L2
Gc,F2 B2 D' B2 U' F2 D L2 F2 D R2 L2 B2 D' R2
Gc,D R2 U B2 D2 L2 D' L2 B2 U B2 U B2 D2 R2
Gc,D2 F' L2 U B L2 F' D' L2 B U2 D' F2 R2 B2
Gc,L F2 R2 F' R2 U F' L2 B L2 U L' B2 U B
Gc,L2 D' R2 D' F2 D' L D R' D2 L D' R' U' D
Gc,L2 B' U L' U2 L B U L2 U2 F L U' L' F'
Gc,L' F U' L2 D2 B R2 D B' D L' U2 L' U' L
Gc,B2 U' D F2 U' L2 D L2 U' L2 D F2 B2 R2 D
Gc,B2 R2 L2 B' U' B L2 F' D F B2 U F2 L2 F2
Gc,B' U2 F B' D B R2 F' U' R2 B U' F2 L2 F2
Gd,R2 F2 B2 U' F2 U F2 D' F2 D B2 R2
Gd,R2 B2 R U F' L' U' L F2 R' F' B2 R2
Gd,F' B' U2 F B U2 R U' L U2 R' U L'
Gd,L' B2 R' B L B' U' R U B L' B L
Gd,R U F U' B U B2 D' R' D F' R B R2
Gd,R L' B2 R' L' D R2 B2 U R2 U' L2 U F2
Gd,R2 D B2 U R2 D2 F2 L2 D F2 U' F2 U2 F2
Gd,F U2 F B' R2 D' B L2 B' D F2 B' R2 B2
Gd,F' D' B D2 F' D B R2 U2 D' F2 D B2 D2
Gd,D' B2 R2 F2 U' R' B2 D L B2 R' U' B2 L
Gd,R2 U' R2 F2 R D' L D2 R' D L' D2 F2 U R2
Gd,R2 D' F2 D2 L2 D' R2 U' B2 U R2 D L2 D' R2
Gd,R2 L2 F' B' D2 F B R' D R' F2 R D' R' L2
Gd,R2 L2 D L2 F2 L2 D' L D' L F2 L' D R2 L
Gd,R' L B2 L2 U2 L F2 U R U2 L' U' B2 L D2
Gd,R' L' U2 R U2 B2 R' L U' R U2 L' U' B2 L
Gd,F R2 F' B U B R2 B' U B' D2 F2 L2 F2 D2
Gd,F B2 D B' U2 B D' F D' F2 L2 F2 D F2 B2
Gd,F2 U' R' D2 F L' B2 L F' D2 R' U2 R2 U F2
Gd,F2 B' D F' B R2 B D2 F B2 D F U2 F B
Gd,F' U L2 D2 R2 F D2 L2 F U' B U2 L2 F2 L2
Gd,F' U2 F' U' R' B2 L F2 L' B2 R U' F U2 F
Gd,D2 L2 U2 L2 U L2 D' L2 U2 B2 L2 U' L2 D' B2
Gd,D2 B2 R2 D2 F2 U L2 D F2 U' R2 D' F2 U2 F2
Gd,L U L' U2 B2 U' R B2 R' U2 L' U' B2 U L
Gd,R2 F2 L2 D R2 L U L' B2 R D' R' L2
Gd,F' B' U2 F B U' R U' L U2 R' U L'
Gd,R U' R F2 R' U L' B2 R L' D' R2 B2 L2
Gd,R D L' D2 R D' L' U L2 U' D2 R2 U B2
Gd,R2 U' F2 U' R2 U R2 U2 B2 D' L2 F2 D B2
Gd,F2 L2 U' F2 U' F2 U L' U L' F2 L U' L'
Gd,L2 B2 L2 U R' F2 R' L D' L' F2 R U' R
Gd,B2 L2 F2 B D' B R2 F' U F B2 D F2 B2
Gd,R2 U F2 L2 U2 D F2 U' R2 U2 F2 U B2 D' F2
Gd,R' F2 L' U2 L' U' F2 U' F2 U L U2 R U2 L
Gd,F B' R2 F' B' R2 B2 U R U' L U2 R' U L'
Gd,F2 U F2 D' R2 L2 F2 D L2 U' F2 D' F2 R2 B2
Gd,F2 U D2 B2 U' L2 D F2 U F2 L2 D2 B2 D' F2
Gd,F2 R2 L2 U D2 R2 U2 D' F2 U' R2 U B2 R2 D'
Gd,F2 D R2 U F2 U2 R2 F2 D R2 D' F2 U2 F2 D'
Gd,F2 D R2 F2 B2 D' L2 B2 D' L2 U R2 D R2 L2
Gd,F2 L2 B2 D' B' L' D L2 B' L2 F L2 U' L F
Gd,D B2 U2 B2 D L2 D' L2 U2 B2 L2 U' L2 D' B2
Gd,D' F B' R2 F' B' D F2 R2 D R2 D' B2 D F2
Gd,L2 U B' D F' U2 F D' B' D' R2 D B2 U2 L2
Gd,L' U2 L B' L' U' B2 D F' L2 F D' B2 L B
Gd,L' D' R D2 L' D R F2 U2 D' L2 D R2 U' D2
Gd,L' B' D' R2 D B' D2 L2 U F' U' L2 D2 B2 L
Gd,B2 R2 F' D' F L2 B' U B R2 L2 F2 D F2 B2
Gd,B' U B U2 B D' R D' F2 R' D2 B2 U L' B
Gd,F' B' U2 F B R U' L U2 R' U L'
Gd,R2 U R2 B2 D R2 F2 U L2 F2 B2 U' B2 R2
Gd,F L2 F L2 U' F2 D F2 D' L2 U F' L2 F'
Gd,F2 R2 U' B2 R2 D' F2 R2 B2 R2 U' L2 U F2
Gd,B L2 F B' U F L2 F' U F' U2 F2 L2 F2
Gd,R L U2 D2 R' U' R' D' F2 D R2 D2 R' U L'
Gd,F2 L2 B2 U R L2 U R' F2 L D' R2 L' U2 D
Gd,B R2 B2 U L B L' U L B' L' U2 B2 R2 B'
Gd,B D B D' F2 D2 B2 L2 D F' D' B D2 F' B'
Gd,B2 R D L' D' B2 R2 U2 L2 U' R U' L' U2 L2
Gd,B2 D F B' L2 D2 F' U' B R2 B' U B D B2
Gd,R U R U R2 F D' F D R2 L F L' F' R2 F2
Gd,R L D2 R2 F2 R' D2 R L' U R U2 L' U' B2 L
Gd,R B2 U' R B R' B' U2 B U R B' R' U2 B2 R'
Gd,R2 U' F' B L2 F' B' U' F2 R2 D' R2 B2 U' B2 R2
Gd,R2 F' R L F2 L' U R U' R' F' L F2 L' U2 R
Gd,R2 D R D L2 D' R' D F' U' L2 U D2 R2 U2 B'
Gd,R2 D B U B2 R B R' D' R2 F R F2 U F R'
Gd,R2 L2 F' D B' U2 B D' F U' F2 L2 F2 U' R2 L2
Gd,R2 L2 D R' L' D L D' L2 U L' U R' L U F2
Gd,R2 B L' B R2 B' L F D2 F B D L2 D F2 B2
Gd,R2 B2 U2 F2 L2 B2 D2 L2 F2 R U' L U2 R' U L'
Gd,R2 B2 R2 B' U R U2 R' F' U2 B R B2 R' U' F
Gd,R2 B2 L' F2 R' L U' D2 R F2 R' U R F2 B2 R2
Gd,R2 B' R2 F B' D2 F U L2 U' L2 D L2 F2 D B2
Gd,F2 R' U L' U2 R U' R2 L F2 R2 U' F2
Gd,L2 B2 R2 D' R' B2 D L B2 R' U' B2 L
Gd,R U F R' U R2 U' R' F' U' R' U2 F' U F
Gd,R U' R' U' L2 D2 B2 R D' R D R' B2 D2 L2
Gd,R B2 R2 L2 D' L' F2 R U F2 L' U' R2 B2 R2
Gd,R2 F2 U F2 U' R2 U F2 B2 L2 F2 U B2 R2 D
Gd,R2 F2 U B' R2 B' D' L2 D B2 D' F' U2 F' D
Gd,R2 L F2 D R F2 L' U' F2 R' L2 D L2 F2 R2
Gd,R2 L2 B' D B2 L2 D R2 U' F D' F' D2 F D
Gd,R' D' L D2 R' D L B2 U2 D' R2 D L2 U D2
Gd,F2 U F R2 U D' F U' D F L2 B' D B L2
Gd,F2 U F2 R2 D F2 L2 D L2 F2 B2 U' B2 R2 D'
Gd,F2 U' D B' U F' U2 B U' F B2 R2 B2 D' F2
Gd,F2 D' L' F2 R2 D R D R' U' D' B2 R' U' R'
Gd,D B2 U2 R2 U' R2 D' F2 R2 D R2 U2 B2 D' F2
Gd,L U' R U' D L U D' R2 U2 L U R L2 B2
Gd,L D R' D2 L D' R' D B2 D L2 D R2 U' D'
Gd,L2 U2 L' B L' F2 L B' L' F2 D F2 U F2 D'
Gd,L2 U' F' U2 F U L2 D2 F' U' F D2 F' U2 F
Gd,L' U' L B L2 F' D F' D2 L' D L F2 L2 B'
Gd,B L2 D F' U F U' D' B2 D F D' B2 L2 B'
Gd,B2 U' B U' B U B' U B2 U D' B U' B' D
Gd,B2 D F B' U2 F' B U' B2 U L2 U' B2 L2 D'
Gd,B2 D L2 U' L2 F2 D' B2 D R2 B2 U R2 F2 L2
Gd,B' U' B2 L2 U L D L' U' D' F' L' F L' B'
H,R L U2 R2 U' D' F2 U D R L'
H,R L' U F2 D2 B2 D2 F2 U R' L
H,R L' U' D' B2 U D L2 U2 R' L'
H,F2 R L F2 R L' F2 R2 F2 U2 R2
H,R2 U D B2 U2 B2 R2 U' D' F2 U2 F2
H,R2 F2 D2 R2 F' B' U2 R2 F' B' R2 L2
H,F B U2 F B R' L' D2 R L F2 B2
H,F B R2 U2 F2 D2 F B L2 F2 D2 F2
H,F2 B2 R' L' D2 R L F' B' U2 F' B'
H,L2 U2 L' U2 R L B2 L2 B2 R' U2 L2
H,R B2 L2 B2 R' L' U2 L' F B' U2 F' B
H,R2 U2 R2 U D B2 U F2 D2 B2 D2 F2 D'
H,R2 U' D' F U2 F2 U2 F2 U2 F U D R2
H,R2 F B R2 U2 D2 F' B L2 F2 L2 D2 F2
H,R2 F2 U D R L' D2 R' L' F2 U D B2
H,R2 F' R2 F' B U2 B' U2 R2 F2 R2 U2 F2
H,R2 D2 R F2 B2 L2 F2 B2 R L2 U2 L2 D2
H,R2 D2 L2 U2 L2 U R2 U2 R2 U2 R2 U D2
H,R2 D2 B2 R L D2 F2 L2 F2 R L' U2 F2
H,R2 B2 U2 R2 F R2 F B' D2 B L2 D2 F2
H,R2 B2 U2 F R2 F2 L2 B2 L2 F U2 B2 R2
H,R2 B2 R2 F' B' U2 F B' R' L U2 R L'
H,R' U2 R L' B2 L B U2 B2 U2 B2 U2 B
H,R' U2 R' L' B2 R2 B2 L F' B U2 F B'
H,R' F2 U2 R2 U2 F2 R2 B2 D2 L F2 D2 B2
H,R2 U D B2 U2 B2 R2 U2 R2 U2 R2 D'
H,D' F2 U2 F2 U2 F2 L2 U2 L2 U D F2
H,R F2 R2 L2 B2 R' U2 D' F2 R2 L2 B2 D2
H,R L U2 R' L' U D2 F' B' U2 F B D2
H,R L' B2 R L B2 R2 U' F' B' U2 F B
H,R2 F2 D' R2 B2 L2 U' L2 B2 U R2 F2 R2
H,R2 F2 B2 U D' B2 D' F2 R2 L2 U' D L2
H,R2 L2 U R L U2 D2 R' L' D' F2 B2 D'
H,R2 L2 U' D' F2 B2 D F B U2 D2 F' B'
H,R' U2 R2 D2 L2 D2 R' U R2 D2 L2 D2 R2
H,F U2 F' U' F' U' F2 U' F2 U2 F2 U2 F'
H,F B R2 D2 F B U' D F2 D2 R2 B2 D'
H,F2 B U2 F2 B2 D2 B U F2 B2 D2 F2 B2
H,D' R L F2 D2 R L U' D L2 D2 F2 R2
H,D' R2 F2 D2 L2 U' D R' L' D2 B2 R' L'
H,D' F2 B2 U R2 L2 U' D' F2 B2 U R2 L2
H,L2 U D' R2 L2 F2 D' B2 U' D F2 B2 R2
H,L2 F2 B2 R' D' F' R2 U' R' U F' B2 L2
H,L' U R U R2 U' R' U' L U F2 R2 F2
H,B U2 R2 F2 B2 L2 D2 B' D' R2 F2 B2 L2
H,B2 R2 D2 F2 U' D F' B' D2 L2 F' B' D'
H,B2 R' L2 U F' U' F2 R' D' F' R2 L2 B2
H,B2 D2 F2 D2 B2 U' F' B' R2 F2 R2 F B
H,B2 L2 F' B' L2 F B' U' R' L' U2 R L
H,B' R2 F2 B2 L2 B D' F R2 F2 B2 L2 F'
H,R L U2 R' L' U2 F' B' U2 F B
H,R2 U D B2 R2 D2 F2 L2 U D F2
H,F' B' U2 F B U2 R L U2 R' L'
H,R2 F2 R L U D F2 U' D' F2 R L'
H,F B U2 F' B' R L' B2 R' L' B2 L2
H,F2 U2 R2 F' B' D2 R2 B2 U2 L2 F B'
H,F2 U2 F U2 R2 L2 D2 B D2 R2 L2 F2
H,L2 F2 D2 R' D2 F2 B2 U2 L' U2 B2 L2
H,R L U2 D2 R2 F R2 U2 D2 L2 B R' L
H,R L U' D' F2 U' D R L' U2 B2 R2 B2
H,R2 F2 R2 U2 F' B U D' L2 U D F' B'
H,F B' R F2 U2 D2 B2 L F2 U2 D2 F' B'
H,F B' R2 U D' R2 U' D' B2 D2 F' B' R2
H,F2 L2 U' D' F' B' L2 F B L2 U D F2
H,F2 L2 D2 B2 U2 D2 R' L' D2 B2 R' L' D2
H,D R2 U2 R2 U D B2 U F2 U2 F2 D2 B2
H,L2 B2 R' L' F R L B2 R' L' F' R L'
H,B2 U D R2 F2 U2 R2 B2 R2 L2 U D R2
H,B2 U2 B2 R L U2 F2 R L D2 F2 L2 B2
H,B2 R L U' D' F2 D2 F2 L2 U D' R' L
H,B2 D2 R2 F2 R2 D2 F2 R2 F' B R2 F' B
H,B2 D2 F2 D2 B2 U F2 U' D' L2 U2 L2 D
H,B2 L2 F' B' L U' D' L2 U D L' F B'
H,B2 L2 B2 U2 R' L' B2 D2 R' L' F2 D2 B2
H,B' U2 F B R2 B2 R2 F' R L' B2 R' L
H,R F2 R2 L2 B2 R' D F2 R2 L2 B2
H,R L U2 R' L' U' F' B' U2 F B
H,R2 U2 R2 U2 R2 U R2 U2 R2 U2 R2
H,F2 U2 F2 B2 D2 B2 U' F2 B2 D2 F2 B2
H,R L' B2 R L B2 R2 U F' B' U2 F B
H,R2 F2 R2 U' R2 F2 U' B2 L2 F2 D' L2 B2
H,R2 B2 R2 U' R' D L D L2 D' L' D' R
H,R' L' U2 D2 R L U R L U2 D2 R' L'
H,F U' B' U' B2 U B U F' U' L2 B2 L2
H,F B U2 F' B' U R L' B2 R' L' B2 L2
H,F B' R2 F B R2 F2 U R' L' U2 R L
H,F2 R2 D2 B2 U D' F B D2 L2 F B D
H,F2 R2 L2 U D' R2 D L2 F2 B2 U' D B2
H,F2 R2 L2 B2 U2 D R F2 R2 L2 B2 R' D2
H,F2 R2 B2 U' R2 F2 B2 L2 U' R2 F2 R2 D'
H,F2 L2 F B L2 F B' U R L U2 R' L'
H,F2 B2 U2 F2 B2 D R2 L2 U2 R2 L2 U D'
H,D R L F2 D2 R L U D' R2 D2 B2 L2
H,D R2 F2 D2 L2 U D' R' L' D2 F2 R' L'
H,D R2 L2 U F2 B2 U D R2 L2 U F2 B2
H,D2 L2 U D F2 U2 F2 D' R2 U2 R2 D2 L2
H,D' F2 U2 F2 R2 U D L2 F2 D2 F2 R2 L2
H,D' F2 B2 D F2 R2 L2 B2 D R2 F2 B2 R2
H,L2 U2 L2 D2 R2 D2 F2 U2 F2 U D R2 D'
H,L2 F B2 U' R U R2 F D R F2 B2 L2
Ja,F2 D F D' F L2 B' U B L2
Ja,D' L2 B2 U' B2 D L2 U' F2 U F2
Ja,L' U L' B2 R D' R D R2 B2 L2
Ja,R D R' B2 L U' L' B2 D' F2 D' F2 D
Ja,F2 L U' L' U' F2 U F2 U F2 L U L'
Ja,F' L F L2 U R U B U' L' B' R' L2
Ja,B U R' L' U2 L U L' U2 R U' L B'
Ja,R L' B R' U B' U B U2 R B' R' U L
Ja,R' L' U2 R' L U L2 D' B2 D L2 D' F2 D
Ja,F2 R' F' R F' L' U' R U B U' B' R' L
Ja,D' F R F2 R' F D2 B2 L U B L' D' B
Ja,L U' F U' F' U' F U2 L' B' L F' L' B
Ja,L2 U2 D2 F2 D' L2 D F2 U D2 L2 D F2 D'
Ja,L' U F R U R' U' F' L F R' F R F2
Ja,B U L2 D L D' L B2 R' U R B2 U' B'
Ja,B U B2 R2 U' R2 U R2 D' R2 D B2 U2 B'
Ja,B U2 B2 R B R2 F' U F R U' B U' B'
Ja,B R2 F R2 F' B U' F' U2 B U' F U B
Ja,B R' L2 D' R B2 R' D L U2 R L U B'
Ja,B L' U B' R' U' R B U' L2 F' L' F B'
Ja,B' R2 B R' U2 F U R U' F' U R2 U R
Ja,B' D L B' U' L' B2 D2 F' R F2 R' F' D
Ja,B' L U' L' B2 U' R2 D' R2 U R D R' B'
Ja,B' L' U L B2 R2 F2 R' D' R D F2 R2 B'
Ja,B' L' U' L F2 B R' D2 B D' B' D' R F2
Ja,R' L' U2 L U L' U2 R U' L
Ja,F D F' R2 B U' B' R2 U' F2 D' F2
Ja,D2 B2 R2 U' R2 D B2 U2 D F2 U F2
Ja,R2 F' R' U2 R F R' U2 R' U' B U' B'
Ja,L B L2 U' F U2 F' U L U2 L B' L'
Ja,R U2 R' F' U L' U2 B' U B L2 F' L' F2
Ja,R L D2 R L D2 R D' R B2 R' D R L2
Ja,R L B' D' R D' F L' F' L D2 R2 B L'
Ja,R2 U R2 U2 B2 U' F2 D L2 D L2 B2 D2 F2
Ja,R2 U' F2 D R' D' R F2 U R2 U' L' U L
Ja,R2 D2 B D' R2 U' B U R2 D' F' R2 U2 F
Ja,R2 L B2 L' U L B2 D' R2 D R2 L' U' R2
Ja,L D' R D2 L' D R D' L2 D2 R2 B2 D L2
Ja,L B2 L B2 R' L2 U' R' F2 L' F2 R2 U' L
Ja,L2 D L2 U2 L2 F2 D R2 D' F2 D' L2 U2 B2
Ja,L2 B' U2 B' D B L2 B' D' B L2 U2 B L2
Ja,L' U F' U L U F2 D F D' L' F2 U L
Ja,L' U2 R' L F2 R' F2 R U L' U2 R U' L
Ja,L' U2 D F2 D F2 D' L U L2 D' L U L
Ja,L' B D' R' B2 R B U' B2 U B' D B' L
Ja,B R B R2 U' R2 B' R' L' B2 L B' U' B2
Ja,B2 D' R2 F D B' D2 F D F2 D B2 U2 B
Ja,B' U' B U' L F U2 F R' F' R U2 F' L'
Ja,B' U' B2 L B' U' B' U B U2 F U F' L'
Ja,B' R2 D B U2 B U B2 D' B U2 F' U F
Ja,R2 F2 U' F2 D R2 U D2 F2 U F2 D
Ja,B2 U' B2 U R2 D' F2 U F2 R2 U2 D
Ja,R F R' U R F' R2 U F U2 F' U' R
Ja,R' U R' F2 L D' L U B2 L2 F2 U D
Ja,R' U F U' F' U' R2 F R' U2 R F' R'
Ja,R' L' U2 R L U R' U L' U2 R U' L
Ja,R2 F' U' R' F D R' B' R' B2 R B' U2 D'
Ja,R2 D R2 D F2 U L2 B2 D2 F2 U R2 U' B2
Ja,R' F' U L' U L U F R2 B' R' B2 U2 B'
Ja,F U F2 D' L2 B D F' D2 B D B2 D F2
Ja,F U F' U2 B U2 R' U F U2 F' U' R B'
Ja,F U' L B L' U L B' L' F' U2 B U B'
Ja,F2 U' L2 D' B2 U' L2 D2 L2 U R2 D' B2 L2
Ja,F2 B2 U2 D' F D' F L2 B' U B L2 B2 D2
Ja,F' D R F' U' R' F2 U2 F' R F2 R' F' D'
Ja,D B L B2 L' B U2 B2 L U B L' D' B
Ja,L2 B D' B D' R L B R2 B U2 L F R
Ja,L' U2 R' L2 D F' D' R U F U' F2 L' F
Ja,L' B' R' U2 F' L2 F' R' L' D F' D F' R2
Ja,B2 U2 D L2 U B2 U2 D L2 U2 D' B2 L2 D'
Ja,B2 R B R2 F' U' L' U' L U' F R U2 B
Ja,B2 D' F2 D' F' D2 B D' F' R2 D B2 U' B'
Ja,B' U2 F2 B U F L2 B L2 F' U' F2 U B'
Ja,B' U2 F' D B L2 B' D' F B U2 B U' B'
Ja,B' R B R' U2 L' B U B2 U B2 U' B' L
Ja,F2 L2 U' L2 U L2 D' L2 D F2
Ja,R' L' U2 L' D' R B2 R' D R L2
Ja,D F2 L2 B2 U D2 R' D R' B2 L U' L
Ja,L U L' U B U2 B R' B' U2 B R B2
Ja,R L D2 L' U2 R2 L2 D R B2 R' D R L2
Ja,R2 U F' B U2 F B' D' R2 D B2 U' B2 R2
Ja,R2 U D' F2 L2 B2 U' B2 U B2 U' L2 D F2
Ja,R' U R L2 D' R' U2 R' U' R2 D L' B2 L'
Ja,F U2 B' U F' U' F2 B D F' U2 F D' F2
Ja,F2 U2 D R2 B' U' B R2 B' U B U2 D' F2
Ja,F2 U' F2 L D R' D2 L D' R D2 L2 U F2
Ja,F2 L2 B2 D' R2 U R U' R B2 L' D L' F2
Ja,F' U2 R' F' D' L' F L F D R F' U2 F
Ja,D2 R2 U D2 L2 U2 D' R2 U2 D B2 U B2 L2
Ja,L D2 R D2 L D' R2 L U2 L' B2 R D L2
Ja,L2 B2 D' F' D' F D F B2 D F D' F' L2
Ja,L' U2 L2 D' R2 D' R' D2 L D' R' B2 D L2
Ja,L' B' U2 B U L U' F U2 F' L F' L' F
Ja,B D B' L2 F U' F' L2 U D2 F2 D' F2 D2
Ja,B L2 F' D F' D' F' R F' L2 F R' F' B'
Ja,B2 U F B2 D' B2 D L2 F' U' F L2 F' B2
Ja,B2 D' F2 L' D' L F2 D L D L D' L' B2
Ja,B2 L' D2 L' U' D' F2 L' U' L' U' B2 D' R'
Ja,B' U2 F L B L' U' L B' L' U F' U2 B
Ja,B' R' U L D' F' D L' U' R F' B U F
Jb,R2 B U B' R2 F D' F D F2
Jb,F2 D' F' D F' R2 B U' B' R2
Jb,R U' R B2 L' D L' D' L2 B2 R2
Jb,F2 U F2 U' R2 D B2 U' B2 R2 D'
Jb,R U R' F D R2 B' R B R D' F'
Jb,R U' F' L' U' L U F R' F' L F' L' F2
Jb,R U' B' R D B' L' B' L B2 D' R' B R'
Jb,R2 U D' R2 U2 D' F2 U' F2 D F2 U' F2 D
Jb,F R' F' R2 U' L' B2 R D B' D' B' R2 L
Jb,F D R' D B' D F L F' D' B D2 R F'
Jb,F2 U2 F D' B D F2 L2 F' D' B2 U B D
Jb,F2 D' R2 D B2 D' R2 U R L' U2 R' L' D
Jb,D' B' U' B2 D F L2 F2 D' B' D F' U2 F2
Jb,L U F2 R F R' F D2 B' L B U' D2 L'
Jb,L2 F' B2 U F' L2 B D' B' R2 L2 B2 D F2
Jb,L2 B2 R2 D' L' F2 R' L D' R' B2 L U' L
Jb,L' U L' B2 R D R L' F2 L D R2 B2 L2
Jb,B U2 L2 F U F' L2 B D' B D B2 U2 B'
Jb,B U' F' U B' U' F R U2 R' U' R U' R'
Jb,B D' R' B U R B2 D2 F L' F2 L F D'
Jb,B2 U L2 D' L' D L' F2 R U' R' F2 U' B2
Jb,B' U F U2 L U' F' U F U L' U F' B
Jb,B' R2 U R B' R F D' R' D B R F' B
Jb,B' D F' L' F2 L F' D2 B2 R' U' B' R D
Jb,B' L2 F' L2 F B' U F U2 B' U F' U' B'
Jb,F U' R B U B' R2 F R F2
Jb,F U F' L U L' F L U' L' U' F'
Jb,L2 U L2 U' F2 D R2 U' R2 F2 U' D'
Jb,R D L2 U2 L D' R D L2 B2 L' D' R2
Jb,R' U' R U' B' U2 B' L B U2 B' L' B2
Jb,R' F U F' U F U2 F' L' U R U' L
Jb,F2 R2 B2 U' D2 L D' L B2 R' U R' D'
Jb,R U2 L' F U' R' U2 R U F' U2 L U2 R'
Jb,R F2 R' U2 L2 F2 L' U' R U2 L' U F2 R'
Jb,R2 U B2 D2 F2 L2 D L2 D B2 U' F2 U2 R2
Jb,R2 U' R' F R2 F' B' R' B2 U' B2 R B R
Jb,F D R' B' D' F' R F2 D R' B R D' F2
Jb,F2 U2 R2 D2 B2 U' L2 D' L2 U L2 D' B2 R2
Jb,F2 R2 D B R' B' U R2 D' F R F' U' F2
Jb,D' F U' F D R2 U' B' D B' L2 D' B2 R2
Jb,L2 D' B D B' L2 U' B2 U F U' F' U' B2
Jb,L' F L2 F' L' F' D R F' U' R' F2 U' D'
Jb,L' F B U B2 U R2 F D B R2 F2 U L'
Jb,L' B' L F' U2 B U B' U2 F U' L' B L
Jb,L' B' L2 B L' U' D' B2 R' U' B' R D B'
Jb,B U2 F' R' B' R U R' B R U' F U2 B'
Jb,B L U' R' D F D' R U L' F B' U' F'
Jb,B2 R D2 R U D F2 R U R U B2 D L
Jb,B2 D F D F' D' F' D' R2 F' D F R2 B2
Jb,B' R2 F D' F D F L' F R2 F' L F B
Jb,D B2 U B2 U D2 R2 D B2 U' B2 R2
Jb,D' L2 F2 U F2 D' L2 U' D2 F2 U' F2
Jb,R U F' U2 F U' R2 B R U R' B' R
Jb,R L U2 R' L' U' L U' R U2 L' U R'
Jb,D2 L U' L F2 R' D R' U2 D L2 B2 R2
Jb,R U2 R2 L D' F D L' U' F' U F2 R F'
Jb,R B2 R L' D L B2 R' U R' U L2 F2 L2
Jb,R2 U' R2 U' R2 U R2 B2 D2 F2 D F2 D B2
Jb,R2 B' D B' D R' L' B' L2 B' U2 R' F' L'
Jb,R' U R' B2 R U R' L F2 L D' R2 F2 L2
Jb,R' D' R F2 L' U L F2 U2 D' F2 D F2 D
Jb,F U R2 B' R' B2 L U L' U2 B' U R' F'
Jb,F2 D B2 D L2 U' F2 U' B2 D2 B2 U' B2 R2
Jb,F2 L2 F U F' L2 B D' B U2 D' F2 B2 D2
Jb,F2 B2 U2 D F' D F' R2 B U' B' R2 B2 D2
Jb,F' B L2 F L2 B' U' F U2 B' U F' U' B
Jb,D' L2 U L2 D L' B' L F2 L' B L U2 F2
Jb,L F2 L' F U F U2 F R' D' F D R F2
Jb,B U2 F D' B' R2 B D F' B' U2 B' U B
Jb,B D L' F' L' F L2 D' B2 U2 R' U' R B
Jb,B L' B2 U' B U R D' B' D R' L2 U2 L'
Jb,B2 D F2 D F D2 B' D F L2 D' B2 U B
Jb,B' R2 B' R' L' D B' D B' L2 U2 R' F' L'
Jb,B' R' B2 R B' U2 B2 R' U' B' R D B' D'
Jb,B' L B2 L' B' L' D F L' U' F' L2 U2 D'
Jb,R L U2 R' U' R U2 L' U R'
Jb,F B2 D F' L2 F D' B' U2 F' B'
Jb,R2 U2 D' F2 D' F2 U' D2 B2 U' B2 R2
Jb,F' D' F L2 B' U B L2 U F2 D F2
Jb,R2 B R' U' B' U2 B U R' U2 R2 B' R2
Jb,R' B L2 F D F2 D' F' L' F2 L' B' R
Jb,F' U B' U' F R U2 R' U' R U' R' B
Jb,B' R D2 B' L' B' L B D' B D' R' B
Jb,R L U B' R2 D' R' D B R' U2 L' U R'
Jb,R B2 D' L U R2 U' R2 U' L' D B2 U R'
Jb,R2 U R' F' R2 F D R' B U' B' R D' R
Jb,R2 U' D2 B U B' L2 B U' B' L2 U D2 R2
Jb,R2 D2 R2 U' L2 U' F2 D R2 D L2 U2 B2 R2
Jb,R' F D2 B' D' B2 U' R' U B' R U D' F'
Jb,F2 R2 B2 L D' R2 L F2 R2 B2 R' L2 U R'
Jb,L D' B' L U B L2 U D F L' F2 L F
Jb,L2 F2 R2 D2 L' D L' B2 L D R L' F2 R
Jb,L' B' R' U R2 U' B2 L B' U' B' U R' B
Jb,B U2 F B D' B' R2 B D F' U2 B' U2 B'
Jb,B U2 F' U2 R U' B' U2 B U R' F U2 B'
Jb,B2 R' D' R D R L2 D R D' R' D' L2 B2
Jb,B2 L2 U L2 U' L2 U B2 U R2 D2 F2 D2 R2
Jb,B2 L2 F2 U2 D' B D' B R2 F' U F' U' D2
Jb,B' R B' L' D B D R2 D2 R' B' L B2 R2
Jb,B' L2 B' D F2 U' F' U2 F' D' F B2 U F'
Na,R2 F R2 U2 F2 U2 F R2 F2 U2 F U2 R2 F2
Na,R2 D2 B2 D' R2 D2 L2 F2 U F2 U2 F2 L2 D
Na,R' U R' F D2 B' L B D2 F2 R F U' R
Na,F U2 R2 B R B' R D2 L' F L U2 D2 F'
Na,R2 D' B' D R2 B D B D B' D' L2 F' L2 B'
Na,R2 B2 U2 L' U2 L2 U2 B2 L B2 R2 F2 D2 L' F2
Na,R' B' R B R L2 B R B' R' D2 F' D2 L2 B'
Na,F U R2 U' D B' U' B2 D B' U B D2 R2 F'
Na,F U2 D2 L2 U2 B' U' B U' L2 D F' U2 D F'
Na,F R F' U2 F R' F2 D2 R' B L' B' R D2 F
Na,F R2 L' B L' D2 R F' R F R2 D2 R2 L2 F'
Na,F R2 B R2 D F D' F' D' F' L2 D' F D L2
Na,F B U2 R2 F R2 F2 U2 B U2 B2 U2 L2 B' L2
Na,F2 U2 F R2 B2 D2 B' R' L' U2 B2 R L' B R2
Na,D R2 B2 U D L2 U B2 U2 L2 U L2 D2 R2 F2
Na,D F2 U' R2 D2 B2 D L2 D' L2 D2 R2 F2 D' L2
Na,L U' L2 D R F2 R2 D R' D L B2 D' R2 D2
Na,B U2 F L2 F' D2 F D2 F' R2 F D2 R2 L2 F'
Na,B U' B' U R2 D' F' U D' L2 U' F' D2 R2 B'
Na,B2 U D F2 D F2 U2 F2 R2 D B2 D2 F2 L2 D'
Na,B2 L2 U2 F U2 F' B' U2 F R2 B2 R2 U2 F' L2
Na,B' U2 B R B2 R' B L' B R' L U2 R2 B R'
Na,B' D2 L' F R F' L D2 B2 L B' U2 B L' B'
Na,B' L D' B U2 B' D B' L' B2 D2 F' R' F D2
Na,B' L B D2 F2 R F D' F U2 F' D R' F D2
Na,F U' F2 R2 D' B L2 B' D R2 F2 U F'
Na,F2 U2 R2 U F2 U2 F2 R2 U R2 U2 R2 F2
Na,R U' L U2 R' U R2 D L' B2 L D' R2 L'
Na,R L2 D R' F2 R D' L2 U' L U2 R' U L'
Na,R2 U R2 U2 B2 D' F2 D' F2 D2 B2 R2 U' R2
Na,R2 U R2 B2 U2 B2 D B2 U' B2 D2 R2 D R2
Na,R2 U2 B2 D F' B D2 R2 F' B' D' L2 D2 B2
Na,L2 D F2 R2 D2 L2 D L2 D R2 U2 F2 D' L2
Na,R U F2 R' F2 U L' U2 L U' F2 R F2 U' R'
Na,R U B2 U' D' R D2 L D2 R F2 U' R' D R2
Na,R2 U D R2 U R L B2 D2 R L' D F2 U2 R2
Na,R2 U D' F' D' L2 U B' U' B U2 F' D2 R2 B'
Na,R2 D' R D R2 U' D' R U2 R U2 R' U2 D R'
Na,R' U' D B2 U R B2 L' D2 F2 L U R' D R2
Na,F U2 L' F2 R F' R' F2 L U' R U' F' U R'
Na,F D' R2 D F' U2 D B D2 F' R2 F U D B2
Na,F L2 D2 B U2 F' U F U' R2 D B U' D L2
Na,D2 R2 U2 F2 U' F B' D2 L2 F' B' U L2 U2 B2
Na,L U2 D' R B2 L' B2 R' U D L2 D' L' D L2
Na,L2 F2 U D R2 U2 D B2 R2 U2 R2 U R2 D2 F2
Na,L2 D2 B2 D L2 D2 F' B' R2 F' B D R2 D2 F2
Na,L2 D' L U B2 L' D2 R' D2 L' U D F2 U' L'
Na,L2 D' L' D L2 U' L U2 D' R B2 L' B2 R' D
Na,L' F L2 U' F2 R F U2 F' R' F2 U L2 F' L
Na,B U' R U' B' U2 L B2 R' B R B2 L' U R'
Na,R U2 D2 F' R' F D2 B' L B' L' B2 U2 R'
Na,R2 U2 R' U2 B2 R2 B2 R B2 U2 R2 U2 R B2
Na,F2 R U2 R2 F2 L D2 L2 D2 F2 R U2 F2 L2
Na,F2 L F2 U2 L2 U2 R' F2 R2 U2 R' U2 F2 L2
Na,R U D2 L' U F2 U' L D R2 U D R U2 R'
Na,R F' B2 L F' D2 B R' B R B2 D2 F2 B2 R'
Na,R D2 F2 R B U2 F B' R F D2 B' L B R'
Na,R B R' U2 R B' R2 D2 B' L F' L' B D2 R
Na,R B2 D L' U' L D' L2 U L' U' L2 U B2 R'
Na,R B2 L B2 D R D' R' D' R' F2 D' R D F2
Na,R2 U' B2 D2 L2 D F2 D' F2 D2 B2 R2 D' F2 D
Na,R' D L2 D' B2 R U R' B2 R L2 U L2 U' L2
Na,F U' F2 D B R2 B2 D B' D F L2 D' B2 D2
Na,F R' F2 U2 F B' R' B R' F R2 F' R' U2 R
Na,F2 R' F' B R2 U2 F B R D2 R2 F2 L' U2 L2
Na,F2 D R2 B' D' F D' F2 L2 F' D' B2 U B' D2
Na,D R2 U R2 B2 U2 B2 U R2 U' R2 D2 F2 D F2
Na,D R2 B2 U D L2 U' L2 B2 U2 B2 U B2 D2 R2
Na,D F2 U2 R2 U' F B R2 D2 F B' D' B2 D2 L2
Na,D2 R' B R D2 L2 F L D' L U2 L' D F' L
Na,L U2 D' L B' U' L' U B2 D' B' D2 L' U2 L'
Na,L U2 L' F' L F U2 F2 D2 B' R' B D2 F2 L'
Na,L U' L' U B2 D' R' U D' F2 U' R' D2 B2 L'
Na,L2 F' L2 F2 U2 B' U2 R2 B2 D2 L2 B D2 R2 B2
Na,L2 D2 B2 D F' B D2 R2 F' B' U R2 U2 F2 D'
Na,R U' R2 B2 D' L F2 L' D B2 R2 U R'
Na,R2 U2 B2 U R2 U2 R2 B2 U B2 U2 B2 R2
Na,R U' L U2 R' U R L' U' L U2 R' U L'
Na,F B2 D F' L2 F D' B2 U' B U2 F' U B'
Na,F2 U F2 U2 R2 D' L2 D' L2 D2 R2 F2 U' F2
Na,F2 D R2 B2 D2 F2 D F2 D B2 U2 R2 D' F2
Na,R D' B2 D R' U2 D L D2 R' B2 R U D L2
Na,R2 U R2 D' F2 U' L2 U' F2 U F2 D' L2 D2 F2
Na,R2 L2 F2 R2 U2 L2 U R2 F2 D2 F2 D R2 U2 B2
Na,F U R2 U' D' F D2 B D2 F L2 U' F' D F2
Na,F2 U D' L' D' B2 U R' U' R U2 L' D2 F2 R'
Na,F2 U2 R2 U F B' R2 F B U2 R2 U F2 U2 R2
Na,F2 U2 L2 D' B2 D2 B2 L2 U' R2 U2 L2 B2 R2 L2
Na,F2 U' D' F2 D F B' D2 L2 F' B' U' B2 D2 R2
Na,F2 R2 D2 L2 U' L2 B2 U D L2 U2 D' B2 D2 R2
Na,D' F U2 F U2 F' U2 D F' U F2 D' F D F2
Na,L U2 B' L2 F L' F' L2 B U' F U' L' U F'
Na,L' F2 U F2 U' F2 L U2 L' F2 U F2 U' F2 L
Na,B U R2 B' R2 U F' U2 F U' R2 B R2 U' B'
Na,B U2 D' F R2 B' R2 F' U D B2 D' B' D B2
Na,B U' R U B' U F' R2 B R B' R2 F U2 R'
Na,B U' F L2 B' L' B L2 F' U2 L U B' U L'
Na,B2 D' B U R2 B' D2 F' D2 B' U D L2 U' B'
Na,B2 D' B' D B2 U' B U2 D' F R2 B' R2 F' D
Na,B' L B2 U' L2 F L U2 L' F' L2 U B2 L' B
Nb,R U' R B' D2 F L' F' D2 B2 R' B' U R'
Nb,R D' R F R2 D2 L B L' D2 R F' D R'
Nb,R2 F2 U2 F2 U F2 R2 D2 L2 D' B2 D2 L2 D
Nb,F2 U2 F U2 L2 F2 L2 F' L2 U2 F2 U2 F' L2
Nb,F' L2 U2 F' U' F U' R2 D B' D' R2 L2 F
Nb,R F R' F' R' F' D2 R' F R D2 L2 B L2 F
Nb,R2 U2 R' F2 R2 U2 R' U2 F2 R2 D2 B2 L B2 D2
Nb,R2 B2 D2 R F2 D2 R2 B2 U2 R' U2 L2 F2 L' F2
Nb,F D2 L B' R' B L' D2 F2 L' F U2 F' L F
Nb,F D' B2 D L2 F' U' F L2 F' B2 U' B2 U B2
Nb,F L F' D2 B R' D B' U2 B D' B R B2 D2
Nb,F2 D2 F' R2 F2 D2 B' U' D F2 R2 U' D' F' L2
Nb,F' U F U' R2 D B U' D L2 U B D2 R2 F
Nb,F' R L2 B' R D2 L' F L' F' L2 D2 R2 L2 F
Nb,F' R2 L2 D2 F L2 F' D2 F D2 F' R2 F U2 B
Nb,F' D2 R2 F' L' U2 R' L F' R' D2 L B' L' F
Nb,F' L B L' D2 R F R L' U2 L F R2 D2 F
Nb,D' F2 L2 U' D' B2 U B2 L2 U2 L2 U' L2 D2 F2
Nb,L2 B R' L B2 U2 R' L' F U2 F2 R2 B' D2 B2
Nb,B2 U' B2 U F B2 L2 F' U F L2 D' B2 D F'
Nb,B2 R' B' D B' U2 B D' R B' D2 F L' F' D2
Nb,B2 D2 R2 D' F' B' L2 D2 F' B U' B2 D2 L2 D'
Nb,B' U2 R L B2 R' B' R B2 L' B R' B' U2 B
Nb,B' U' R2 U D' F U F2 D' F U' F' D2 R2 B
Nb,B' R2 F' R2 D' B' D B D B L2 D B' D' L2
Nb,R U' R2 F2 U' R F2 R' U F2 R2 U R'
Nb,R2 U2 F2 U' R2 U2 R2 F2 U' F2 U2 F2 R2
Nb,R2 F2 U2 F2 U F2 R2 U2 R2 U F2 U2 R2
Nb,R' U R2 F2 D L' B2 L D' F2 R2 U' R
Nb,R2 D2 F2 D' R' L' B2 D2 R L' D R2 U2 B2
Nb,R' U L' U2 R U' R' L U L' U2 R U' L
Nb,F2 U L2 D2 B2 U' B2 D B2 U2 B2 L2 D F2
Nb,F2 B' D' B L2 B' D F2 U F' U2 B U' F
Nb,D2 B2 R2 U2 R2 U R2 B2 D2 F2 U L2 U2 F2
Nb,R2 U2 F2 R2 L2 D' B2 L2 U2 F2 L2 D L2 U2 F2
Nb,R2 U' R2 F2 U2 F2 D' F2 U F2 U2 L2 D' L2 D2
Nb,R2 D2 F2 D R' L F2 R' L' D2 B2 D L2 D2 B2
Nb,F U F L2 B2 D' F D' F' D B2 L2 F' U2 F'
Nb,F U D' L2 U' F' L2 B D2 R2 B' U' F D' F2
Nb,F L F2 U' R2 F R' U2 R F' R2 U F2 L' F'
Nb,F2 U L2 U2 F2 U F2 U2 F2 U' F2 U2 L2 U' F2
Nb,F2 U2 R2 U R' L D2 B2 R L U' B2 U2 L2 D2
Nb,F2 U' D R D B2 U' L U L' U2 R D2 F2 L
Nb,F2 D F' U' R2 F D2 B D2 F U' D' L2 U F
Nb,F2 D2 F2 L2 U B2 L2 U2 F2 R2 D' F2 L2 U2 L2
Nb,F' U R' U' F U' B R2 F' R' F R2 B' U2 R
Nb,F' U' L2 U D F' D2 B' D2 F' R2 U F D' F2
Nb,D2 F2 L2 U2 L2 U' F2 U' D' B2 D' R2 U2 R2 B2
Nb,D2 L2 B2 U D L2 D F2 R2 U2 R2 U' R2 U2 F2
Nb,D' F2 D F D' F2 U F' U2 D F' U2 F U2 F
Nb,R2 U2 R U2 F2 R2 F2 R' F2 U2 R2 U2 R' F2
Nb,R' U2 F2 L' F' L F' D2 B R' B' U2 D2 R
Nb,R' U2 D2 B R B' D2 F L' F L F2 U2 R
Nb,F U' R F R2 D2 L B L' D2 R F' U F'
Nb,F D' L F' D2 B R' B' D2 F2 L' F' D F'
Nb,F2 D2 L2 D F2 D2 B2 R2 U' R2 U2 R2 B2 D'
Nb,R F R' D2 L B' D L' U2 L D' L B L2 D2
Nb,R D' L2 D F2 R' U' R F2 R' L2 U' L2 U L2
Nb,R2 F R2 F2 U2 B U2 L2 B2 D2 R2 B' D2 L2 B2
Nb,R' U R U' B2 D L U' D F2 U L D2 B2 R
Nb,R' L' U2 F2 R' F2 R2 U2 L' U2 L2 U2 B2 L B2
Nb,F L F' L' F' L' D2 F' L F D2 B2 R B2 L
Nb,F2 U L2 D2 B2 D' R2 D R2 U2 R2 B2 D L2 D
Nb,F2 R U D B2 R2 U D' R' D2 L2 B2 L' D2 R2
Nb,F2 R2 L D2 L2 B2 R' U2 L2 D2 F2 L' U2 F2 R2
Nb,F2 L F2 R2 F2 D2 R D2 R' L' F2 U2 R' U2 R2
Nb,D F2 L2 U2 L2 U' D2 R2 B2 D2 F2 D' L2 U2 B2
Nb,D B2 D' R2 F2 D2 B2 D' B2 D L2 D2 F2 U' R2
Nb,D' R2 F2 U' D' L2 U L2 F2 U2 F2 U' F2 D2 R2
Nb,D' F2 U2 L2 U F' B' L2 D2 F' B D B2 D2 R2
Nb,L U2 L' F' L2 F L' B L' F B' U2 F2 L' F
Nb,L2 D2 B2 D' R' L' F2 D2 R' L U' L2 D2 F2 D'
Nb,L2 B' L' D L' U2 L D' B L' D2 R F' R' D2
Nb,L' F2 D2 R' U' B2 U D' R' D' F2 U L' U' L
Nb,B R B' R' F2 B' R' B' R B D2 L D2 F2 R
Nb,F U' F2 L2 U' F L2 F' U L2 F2 U F'
Nb,R2 L' D' L F2 L' D R2 U R' U2 L U' R
Nb,R F R2 U' B2 R B' U2 B R' B2 U R2 F' R'
Nb,F' D L2 D' F U2 D' B' D2 F L2 F' U' D' B2
Nb,D R' U2 R' U2 R U2 D' R U' R2 D R' D' R2
Nb,L2 U2 B2 U' R L' B2 R' L' U2 B2 U' L2 U2 B2
Nb,L2 D2 F2 D' L2 D2 F B R2 F' B D' R2 D2 B2
Nb,L2 D2 L2 B2 U R2 B2 U2 L2 F2 D' L2 B2 U2 B2
Nb,R U' B' D2 R' F2 R' D2 R F' B2 U F U L' B'
Nb,R D' R2 U R' U' D2 B2 U' D' L' D2 R D2 B2 L
Nb,R D' L2 D F2 R' U' R F2 R' L2 D' B2 U B2 D
Nb,R L D2 F2 D2 R L' U' F2 R2 U2 L2 D' B2 D2 L2
Nb,R2 U2 F' B U2 F B U B2 U2 R2 U' B2 U2 B2 R2
Nb,R2 U' L U2 D B2 R D2 F2 L D L2 D2 R D2 L
Nb,R2 D F D2 F' R2 U B D' F2 D' B D2 F2 B' D
Nb,R2 D2 B2 U R' L' F2 U2 F2 B2 R L' U' R2 U2 F2
Nb,R2 D' R' U' F' U2 R F2 B' D2 F' D' R D' B D
Nb,R' B2 R' F' L U2 F' D' F L2 B' L F B R2 B'
Nb,F R U2 B2 U F B R' D' R' D' L B D2 F2 R
Nb,F D' F U' F2 D' L2 D L2 D2 R2 B U B' D' R2
Nb,F L F' D2 B R' D B' U2 B D' B R B2 U' D2
Nb,F B2 D2 F' D B2 D F' U' L2 B D2 B' D' L2 D'
Nb,F2 U' F2 D R2 U L' U' L B2 L' U L B2 D' R2
Nb,F2 U' D' B2 U2 D' F' B' R2 D2 F B' U L2 U2 F2
Nb,F2 R2 U' L2 B2 D' B2 D R2 B2 D' R2 D B2 D' L2
Ra,R2 F2 L2 F2 U' F' U F' L2 B D' F2 B' R2
Ra,R2 F2 L' D' L B2 R' U R' U' R2 F2 B2 R2
Ra,R2 F2 B D B' L2 F U' F U F2 L2 F2 R2
Ra,R2 B' R' U' R U R U' B R B' U B R
Ra,F U2 F' L' B' U B U L U F' L F L'
Ra,F2 L2 D F D' F L2 B' U B L2 F2 L2 F2
Ra,F' U' F L F' L D2 R' B R D2 L2 U F
Ra,F' U' L2 D2 R' B' R D2 L' F L' F' U F
Ra,F' L2 B' U B U' F2 U F2 L2 D F' D' F2
Ra,R U' R' B' R2 B2 U B2 R B2 U' B' R U R
Ra,R2 U B2 U' L' U' L F2 R' D R L2 B2 D' F2
Ra,R2 F2 L2 U' F2 U L2 D' B2 U R2 U' F2 B2 R2
Ra,R2 L2 D R F2 R' L D L B2 R' U R B2 R2
Ra,F R' D B D' B' D2 L2 U' F' U L2 D2 R F'
Ra,F B' U L2 D F D' L2 U B' U B U F' B
Ra,F2 D2 L2 D' F2 U B2 R2 D B2 D2 L2 D' L2 D
Ra,D B2 R2 U L2 D' F2 L2 F2 R2 U' R2 F2 D' R2
Ra,L U L' B' U' B' R2 B2 L' B L B2 R2 U B
Ra,L U' F2 U' B' U F' U' F' B U' F U2 F' L'
Ra,L F' L' F U' L' U L F U' F' U2 F U2 F'
Ra,B U' R' U L' U' R L' U' L U2 L' U' L2 B'
Ra,B L B' U' B L2 U L2 U' F' L B' L F L'
Ra,B2 R' U' R2 U B2 U' R2 B2 D' R' D B2 U R
Ra,B' U' F2 L2 B L2 F U' F U B2 R2 B' R2 B'
Ra,B' R2 F2 B2 L2 D B' L2 F U' F U B2 R2 B2
Ra,L U2 R L' U R' F' L U2 L2 U' L F
Ra,L' U' B D2 F' R F D2 B2 U L U' B
Ra,R L' U2 R2 D' R' D R2 U' R U' B2 R' L
Ra,R L' B2 D2 L2 U' L' U L2 D' L D' R' L
Ra,R B2 L2 B' D' B D L2 B2 R' U' B' U B
Ra,R2 F2 U B2 U' F2 L2 F2 R2 D' F2 L2 U' R2
Ra,L2 U2 F2 U' B2 U F2 L2 U L2 U2 B2 U' L2
Ra,R2 D B' D' B2 D2 F' D' B D F2 L2 F' D2 R2
Ra,F U2 F' L2 F2 U' B2 D' B' D B2 U F2 B L2
Ra,F2 U' L2 U' F' B L2 F B' R2 U' L2 U R2 F2
Ra,F2 L B L2 F L' F' L' B' L' F2 U' B' U' B
Ra,F2 B2 U R D' L U2 L' D R B2 R2 U' F2 B2
Ra,F' L F' R' D2 F' R U' F' U' L' U R B R'
Ra,D L2 B2 R2 U F' D F' R2 B U F' B L2 F
Ra,D2 B2 U2 R2 D R2 U L2 B2 D L2 U2 B2 U' L2
Ra,L U R' U D' L' U' L D R L' U2 L U L'
Ra,L U2 F U B' R F' B L' F B' R' F' U B
Ra,L U2 B2 D R B2 U L U' B2 R' D' B2 U L'
Ra,L' F' U2 F2 D F D2 B L2 B D' R' B2 D2 F2
Ra,B U F' U' L2 F L2 F' U F U' F B' U2 F'
Ra,B2 U2 R' U2 L U2 R U L' B2 R' U2 R U B2
Ra,B2 U' B2 D' R2 U2 F2 U B2 D' L2 F2 D B2 D
Ra,B2 D F B' L2 F' U' F D2 F' U B R2 D B2
Ra,B2 D B2 U' D' B2 U' B2 L2 D' F2 D' F2 D2 L2
Ra,B' U F' L2 D F L2 U L2 F' D2 B' D L2 F
Ra,F R2 B2 D B' D' B' R2 F' U2 B' U B
Ra,F' U' F U2 B L2 F D F D' F2 L2 B'
Ra,R2 U' R2 U' R2 U2 F2 U B2 D' L2 F2 D B2
Ra,R2 B2 D' F D' F L2 B' U B D F2 D B2
Ra,F2 U' L2 B2 U F2 D F2 D2 R2 U' B2 D L2
Ra,B' R2 F' B U' F' L2 B D' B D' B2 L2 F2
Ra,R F R2 U' F R2 F' U R2 U' F' R' F U2 F'
Ra,R2 D R2 U2 B2 U' B2 L2 D' F2 D' F2 D2 L2 D'
Ra,R2 D B2 D' R2 B2 U' R2 U R2 B2 U' B2 R2 B2
Ra,R2 B U2 B' U' R U R' U2 R U R F' U2 F
Ra,R' F' U F U R B U B' R B' R' B2 U2 B'
Ra,F U2 F2 L F L' F U' F' L' U' B' U' B L
Ra,F2 D2 R2 F' U' F R2 D' F' U' R2 U' F2 D' F
Ra,F2 L2 F2 U F2 L2 U' L2 U F2 L2 D F2 D' L2
Ra,F' U R2 D2 L2 F D2 R2 F U' B U' R2 B2 R2
Ra,F' L2 D' B' D2 F' U R2 U' F D' L2 F2 U2 F'
Ra,D' R2 D' F2 U2 L2 D R2 B2 U' F2 D' F2 D2 L2
Ra,D' B2 U2 L2 D' F2 U B2 R2 U' F2 D2 L2 U L2
Ra,L2 F2 R D L' D2 R D' L' F2 R2 U R2 B2 R2
Ra,L2 F2 L2 U F' U B' L2 D2 B' R2 D2 L2 U' B
Ra,B U2 F' B' U B' U' F B2 U2 B' U2 B' U B
Ra,B U2 B2 R2 D B' U L2 U' B D2 F D R2 B
Ra,B U2 B' L B U L2 U' B L2 B' U L2 B' L'
Ra,B' U2 B L' U' L' U2 L U' L' U F U2 F' L2
Ra,B' D B2 U L2 U B D L2 B' U B L2 D2 B2
Ra,R' F' U F2 U2 F' R B U' F B' U2 F'
Ra,L' U F' U' L2 D2 R' B' R D2 L' U F
Ra,R L' B2 L B2 U R' F' L U2 L2 U' L F
Ra,F2 U L2 U2 F2 U' F2 R2 U' L2 U R2 U2 F2
Ra,F' L2 B2 D' B' D B' L B' L F L' B L
Ra,R U' F2 D' L2 F' U2 F L2 D F' U2 F' U R'
Ra,R L2 D' B2 D' L' U2 L D B2 D L' U2 R' L'
Ra,R L2 B L B' R' B L F U' F' U L2 B' L2
Ra,R2 D B D L2 U B D' B2 U' B2 D' R2 U F
Ra,R2 L2 U B2 L2 B' D' F U2 F' D B' U' R2 L2
Ra,F B U D' F U2 B' U' D' F B U' L2 D R2
Ra,F2 R2 L' U' L2 D' L D L2 U R2 F2 R U2 R'
Ra,F2 D F2 U2 B' R2 F D' F D B D' F U2 F
Ra,F2 L F L2 U L U' L' B L' B' L' F' L' F2
Ra,D B2 R2 F' D' F L2 B' U B' D' R2 F2 B2 R2
Ra,D' L2 U' B2 R2 D F2 D F2 D2 R2 U' B2 D L2
Ra,L U L' U' L' B L U2 B' R B' R' B2 U2 B'
Ra,L2 U' L' D' R F2 U B2 U' F2 R' D L' U L2
Ra,L2 B2 D L2 D' R2 D L2 F2 D F2 D2 R2 B2 L2
Ra,L' U' L B' D2 B U2 B' D2 L' B U' B' L B
Ra,L' U' B' R' F' U F R B U2 B' U' B U' L
Ra,B L2 U' B2 U F' D F' U' R2 F2 D' B2 U B'
Ra,B2 U F D F' L2 F D' F R2 B2 R2 F2 U' B2
Ra,B2 U' D2 R2 B2 D' L2 U2 F D' F L2 B' U B
Ra,B2 D2 R F2 R2 D' L' D R D2 L2 D L D' B2
Rb,R2 F2 B2 R2 U' L' U L' B2 R D' R' F2 L2
Rb,R' F R F' U R U B U B' R' F' U2 F
Rb,F U R2 D2 L B L' D2 R F' R F U' F'
Rb,F U F' R' F R' D2 L B' L' D2 R2 U' F'
Rb,F R2 B U' B' U F2 U' F2 R2 D' F D F2
Rb,F2 R F' R2 B U' B' R2 F2 D' F' D R' F2
Rb,F2 R D' F D F2 R2 B U B' R2 F R' F2
Rb,L B U B' L B U' L U L U' L' B' L2
Rb,B U' B2 D L2 F2 D' B' D F' U2 F' D' B2
Rb,R D L' B2 D' R' L U2 L' D L D' R' U' R
Rb,R B2 U B D' F D2 B D F D F2 R2 D R'
Rb,R2 U R2 U2 B2 U' R2 F2 U B2 D' L2 U2 F2 D
Rb,R2 D2 F2 U' R2 D' B2 L2 D' B2 D2 R2 D R2 D
Rb,R2 L2 D' L' F2 R' L D' R' B2 L U' L' B2 L2
Rb,F2 R2 F2 U F2 R B' R F' D' R' D B R F'
Rb,D L2 U' B2 R2 U L2 D2 F' D F' R2 B U' B'
Rb,L U2 L D L D' L D L U2 L' D' B2 U B2
Rb,L2 D' F2 L2 U' L2 F2 R2 F2 D' R2 U L2 B2 D
Rb,L' U L B L2 B2 U' B2 L' B2 U B L' U' L'
Rb,B2 L2 U B' U B' R2 F D' F' R2 B2 U2 L2 B2
Rb,B2 L2 U' R2 U R2 D' R2 D R2 F2 D F2 L2 B2
Rb,B2 L2 F2 D' F' D R' B' D' B R2 F' R' L2 B2
Rb,B' U2 B2 U2 B2 U F U2 B' U F' U' L2 B2 L2
Rb,B' R' B U B' R2 U' R2 U F R' B R' F' R
Rb,B' D' L' U D' L' D L2 D' L' D2 L' U' L B
Rb,R U' F U R2 D2 L B L' D2 R U' F'
Rb,F2 R2 U' F' U' F U F U R2 F U' F
Rb,F' U L' B L F L' B' L U F' U2 F
Rb,R2 U F' B U2 F L B' R2 B L' B' U' R2
Rb,F R2 B2 D B D' B R' B R' F' R B' R'
Rb,F B' D' R2 D B' D B' U' B D' B2 U F'
Rb,F2 U F2 U2 R2 U' F2 L2 D B2 D' L2 U2 F2
Rb,B2 U' R2 F2 D L2 D2 F' D F' R2 B U' B'
Rb,R2 U B2 U B2 U' B2 U B2 U2 R2 U' B2 U' B2
Rb,R2 F2 D B2 D' F2 D R L' D2 F2 R' L D R2
Rb,R2 L D R' U2 R D' L D L2 B2 L2 D' R2 L2
Rb,F R2 D' R2 B' R F' R2 F B D B R' F' B'
Rb,F2 U D B2 U' L2 D' F2 R2 U' R2 U2 B2 U R2
Rb,F' B' U' D F' U2 B U D F' B' U R2 D' L2
Rb,D L F2 R L' U R B2 L' D L' U B2 R2 F2
Rb,L2 D2 R2 B' D' R F2 R D2 L D L2 U2 L' F'
Rb,L2 B2 U F2 U' B2 R' L F2 R L' U' F2 U' L2
Rb,B U' L F2 D' B D F D' L B' D F L' B'
Rb,B2 U L2 U' F2 B2 L2 D R2 D' F2 U2 F2 L2 F2
Rb,B2 U' F' D' F R2 F' D F' L2 B2 L2 F2 U B2
Rb,B2 R F R' F' B U2 D L' B L U2 D' R' B
Rb,B2 R2 F R F' L2 F R' D F' R2 L2 B U' B
Rb,B2 D2 L' F2 L2 D R D' L' D2 R2 D' R' D B2
Rb,B' R B U F' U' L' U' B L' D2 B' L' F L'
Rb,B' R2 U B2 U' F D' F U L2 F2 D B2 U' B
Rb,F U F' U2 B' R2 F' D' F' D F2 R2 B
Rb,F' L2 B2 D' B D B L2 F U2 B U' B'
Rb,F2 U R2 B2 U' F2 D L2 U2 B2 D' R2 U' R2
Rb,F2 D B2 D F U F' L2 B D' B D' F2 R2
Rb,L2 U L2 U L2 U2 F2 U' B2 D R2 F2 D' B2
Rb,L2 B2 D F' D F' R2 B U' B' D' F2 D' B2
Rb,B L2 F B' U F R2 B' D B' D B2 R2 F2
Rb,R2 F2 R2 U R2 B2 L' D' R D2 L' D R B2 L2
Rb,R2 F2 R2 U' F U' B R2 D2 B L2 D2 R2 U B'
Rb,F U R2 F2 L F L' F2 R2 F' U R U R' F'
Rb,F U' L2 D2 R2 F' D2 L2 F' U B' U L2 B2 L2
Rb,F2 U2 D' F2 R2 U' L2 D' L2 D2 B2 D B2 D' R2
Rb,F2 R2 F2 U' F2 R2 U R2 U' F2 R2 D' F2 D R2
Rb,F2 D B2 L2 U2 D B2 U F2 D2 R2 U' R2 U' R2
Rb,F' U2 F2 R' F' R F' U F R U B U B' R'
Rb,D L2 D F2 U2 R2 D' L2 B2 U F2 D F2 D2 R2
Rb,D B2 U2 R2 D F2 U' B2 L2 U F2 D2 R2 U' R2
Rb,L F U' F' U' L' B' U' B L' B L B2 U2 B
Rb,L2 D' B2 D L2 B2 U L2 U' L2 B2 U B2 L2 B2
Rb,L2 B' U2 B U L' U' L U2 L' U' L' F U2 F'
Rb,B U2 F B' R2 U' B U2 F' U B' U F2 R2 F2
Rb,B D' B2 U' R2 U' B' D' R2 B U' B' R2 D2 B2
Rb,B L U' L' U' B L2 B2 R B' R' B2 L2 U' B'
Rb,B' U2 F B U' B U F D2 B D2 F2 B' U' B'
Rb,B' U2 B R' B' U' R2 U B' R2 B U' R2 B R
Rb,R U B' D2 F L' F' D2 B2 U' R' U B'
Rb,R' U2 R U' F' L F R' F' L' F U' R
Rb,R2 U2 F2 U B2 U' F2 R2 U' R2 U2 B2 U R2
Rb,B U' L B' U2 B U2 R B L' B' R' U B'
Rb,B2 R2 B R2 U B U2 F' U' L2 B L2 F B'
Rb,B2 D F R F' L2 F R' B' U2 F' B D' B2
Rb,R U2 R D' L D R D' R F2 L' U2 R2 D R2
Rb,R U' L' U R2 U' L2 U' R U L' U2 R' U' R
Rb,R F U2 F2 D' F' D2 B' R2 B' D L B2 D2 F2
Rb,R L' U' D' B2 D' L' D B2 D' L U D2 R' L
Rb,R' U L' D2 L U' R' L2 D' L2 B2 L2 D' R2 L2
Rb,F R' F L D2 F L' U F U R U' L' B' L
Rb,F B D2 F' U F U2 D2 F' L2 B L2 B' U B'
Rb,F2 R2 L2 F2 D' L' U L' B2 R D' R' F2 L2 D
Rb,F2 B2 U' L' D R' U2 R D' L' B2 L2 U F2 B2
Rb,F' B D' B D' B2 U B' U' R2 F B' D2 B2 L2
Rb,D2 B2 U B2 D2 R2 U' F2 L2 D B2 D' L2 U2 F2
Rb,L U' R U2 L' U R L2 D' R2 F2 R2 D R2 L2
Rb,L F R' D' L F' D R' D' L' D R2 F' U L'
Rb,L' U L2 D' R2 F2 U' R' D R' U L2 U' B2 L
Rb,B2 U B L' D' B' R' B2 R D L U' B' U2 B'
Rb,B2 U B' D F' R2 U' L2 U R2 F D' B' U' B2
Rb,B2 D' F' B R2 F U F' D2 F U' B' L2 D' B2
Rb,B2 D' B2 R2 B2 D2 F2 U L2 U' F2 L2 D' L2 B2
Rb,B2 L' B' L2 U L2 B L B R B R' B U B'
T,R2 U R2 U' R2 F2 U' F2 D R2 D'
T,R2 D B2 R2 F' U' F R2 B' D B' D2 R2
T,F2 B L F' D2 B R' B' D2 F2 L' F B'
T,L2 U2 F U' F R2 B' D B R2 F2 U' L2
T,R D B2 L B D L D' B' L' B D' B R'
T,R B' D2 F L' F' D2 B' L B' R' B L' B2
T,R2 F' R' F B' D2 F B2 L' B2 D2 F' R' B
T,R2 D' F2 D R2 U2 D2 F2 D R2 D' F2 U' D2
T,R' U' R U R B' R2 U R U R' U' R B
T,R' F D2 B' L B D2 F L' F R F' L F2
T,R' F D' F L U L U' F' L' D F2 R F
T,F R U' R' U R U R2 F' R U R U' R'
T,F R' B' D2 F2 L' F2 B D2 F' B R' B' R2
T,F2 L' F R' F' L F' D2 B' L' B D2 F' R
T,F2 B L2 F U B2 R2 F D F' R2 B U F
T,F' U' B' R2 F D' F' R2 B2 U' F' L2 F2 B'
T,F' B2 L2 B' U' F2 R2 B' D' B R2 F' U' B'
T,D' R2 U2 D' F2 U' F2 U2 D2 R2 U' R2 U R2
T,L U' B U' L U B L' B' U' L' U2 B' L'
T,L2 U' D' R' U R' F2 L D' L' F2 R2 D L2
T,L2 D' R2 F2 L D L' F2 R U' R U D L2
T,B R B2 D L' B' U' L U L B D' B R'
T,B2 L B' R B L' B D2 F L F' D2 B R'
T,B' R F D2 B2 L F' B2 D2 F' B R F R2
T,B' R' U R U' R' U' R2 B R' U' R' U R
T,F2 U' F2 D R2 B2 U B2 D' R2
T,F2 U F2 U' F2 L2 U' L2 D F2 U' D'
T,F2 D' L2 U2 D' B2 L2 D F2 U2 D R2
T,R U' R B2 D L D L D' L' D' B2 R2
T,R L' B2 R2 L U R' F2 L D' L' F2 R2
T,F2 U D2 B2 U B2 U' D F2 D R2 U' R2
T,F2 R2 B' D' B R2 F' U F2 B L2 F B'
T,F2 L2 D' B' D' B D B D L2 F U' F
T,R D' R2 L' U R2 U L F2 R' F2 U' D R'
T,R2 U R2 F' B2 D F' L2 F D' F B2 U' R2
T,R2 U D' F2 L2 U' L2 D F2 R2 U R2 U' R2
T,R2 U2 R' L F2 L' U' R B2 L' D L B2 R2
T,R2 F2 U R2 D' L2 F2 L2 F2 U' L2 D R2 F2
T,R2 B2 R2 L2 D F2 D' R2 L2 B2 D B2 D' R2
T,F2 U' D2 B2 U2 D L2 B2 U D2 F2 D R2 D2
T,F2 L2 U' D F2 D' F2 U F2 R2 D B2 D' R2
T,F2 L2 F L U L F2 B' R2 F' R' U' R' B
T,F' U B' U2 F U' B L U' R U2 L' U R'
T,F' U' F R2 U R2 D' F' U F D R2 U' R2
T,F' L' F L' U' B' L2 U L F' L F U2 B
T,L U2 R B R' B U B2 L' U' B' R B' R'
T,L F U' F' R U R' F U F' R L' U' R'
T,L F' U' F' R' F2 R2 L' B U B R B2 R2
T,B R' B L2 B' R B U' B2 U2 L2 U' B2 L2
T,B2 R2 B2 L2 D L2 B2 U L2 U' F2 L2 D' R2
T,D L2 U L2 U D2 R2 F2 U' F2 D R2
T,L2 U L2 U' L2 B2 U' B2 D L2 U2 D'
T,L2 D' B2 U B2 L2 U L2 U' L2 U2 D
T,D L2 U L2 D' B2 U' D B2 D' R2 U R2
T,D' L2 U' L2 D F2 U D' F2 D R2 U' R2
T,F U' F R2 B' D F' R2 F' B U' B2 L2 B2
T,F2 R2 F2 U F' B L2 B D' F L2 B' U B'
T,F2 D' F2 D' L2 D' B2 R2 D2 L2 U' F2 D R2
T,D L2 U2 D' B2 U' B2 R2 U D2 L2 U' D2 R2
T,D L2 U' D2 R2 U D2 L2 B2 U' B2 U2 D' R2
T,D' L2 U2 D F2 U F2 R2 U' D2 L2 U D2 R2
T,D' L2 U' L2 U' D2 R2 U D' R2 U R2 U' R2
T,L U L' B2 R2 D' R' D B2 R' U' R' U R
T,L U L' B' U R' U' R2 B R' U' R' U R
T,L2 U D2 R2 U R2 B2 U B2 U2 D L2 U2 D
T,L2 U D2 R2 U' D2 L2 F2 U F2 U2 D R2 D'
T,L2 D F2 U' R2 D2 L2 B2 D' R2 D' F2 D' F2
T,L2 D F2 U' F2 U D' B2 U' B2 D L2 U2 D'
T,L2 D F2 D' L2 U2 D2 F2 D' L2 D F2 U' D2
T,L' U' L U L F2 D' L D L2 F2 R U' R'
T,L' U' L U L F' L2 U L U' F R U' R'
T,L' U' L F U' R U R2 F' R U R U' R'
T,L' U' L F2 R2 D R D' F2 R U R U' R'
T,B2 R2 B2 U' F' B L2 F' D B' L2 F U' F
T,B' U B' R2 F D' B R2 F' B U F2 L2 F2
T,B2 U B2 D' R2 F2 U' F2 D R2
T,D2 B2 U' B2 U2 D' R2 B2 U B2 D' R2
T,R' U R' F2 D' L' D' L' D L D F2 R2
T,R' L F2 R2 L' U' R B2 L' D L B2 R2
T,B2 U B2 U2 D L2 B2 U' B2 D L2 U2 D2
T,B2 R2 F D F' R2 B U' F' B2 L2 F B'
T,B2 D' R2 D B2 U2 D2 R2 D B2 D' R2 D2
T,R2 U D' F2 R2 D B2 U' B2 R2 D' F2 D R2
T,R2 U2 R L' B2 L U R' F2 L D' L' F2 R2
T,R2 U2 F2 D2 L2 U B2 D L2 F2 D R2 U' R2
T,R2 U' R2 F2 B D' B L2 B' D F2 B' U R2
T,R2 F2 R2 L2 D' B2 D R2 L2 F2 D' F2 D R2
T,R2 B2 U' R2 D L2 B2 L2 B2 U L2 D' R2 B2
T,R' D R2 L U' R2 U' L' B2 R B2 U D' R
T,F2 U F' U' F L2 F' U F' U2 L2 U F2 L2
T,F2 U2 F2 U' F2 U' F2 L2 U' L2 U' L2 U2 L2
T,L' B U B R B2 R2 L F' U' F' R' F2 R2
T,B U F B' R U' R' B U' B' R U R' F'
T,B U D' R2 B R2 F' U' B2 U' F B2 D B'
T,B U' F U2 B' U F' L' U R' U2 L U' R
T,B L B' L U F L2 U' L' B L' B' U2 F'
T,B2 U R' L2 D R' F2 R D' R L2 B2 U' B2
T,B2 U B' R' B' R2 D' F' R F' U' F2 D R2
T,B2 D L2 U' L' U' L U L2 D' B2 R' U R
T,B2 D L2 D' L2 F2 B2 D R2 D' F2 B2 L2 B2
Ua,F2 U R' L F2 R L' U F2
Ua,R U R F2 B2 L' D' L F2 B2 R2
Ua,R' U' R2 B' R' B' L' B' L2 U' L' B'
Ua,R' U' F' U F R L F U F' U' L'
Ua,F U R2 F D2 L2 U2 B L2 U' D2 F'
Ua,F U' B' D' R2 D B U B U2 F' B'
Ua,F' U R2 D2 L2 F' D2 R2 U2 B' U' F
Ua,F' U2 R' U D' F U2 F' U' D R F
Ua,R L' U R' F2 D2 B2 L' D2 F2 U R' L
Ua,R2 F L2 F' B D2 B U B2 R2 F2 D F2
Ua,R' L2 U L' U' D F2 U D' L' U' R L2
Ua,F U2 B U2 B' U' B' D' R2 D B U' F'
Ua,F B' U2 F R2 B2 D' B2 R2 F2 U' B L2
Ua,F2 U' L2 U' L2 U D2 B2 U' B2 D' F2 D'
Ua,F2 R D' L' U D' B2 U' D L' D R' F2
Ua,F2 R2 U2 F2 R2 F2 U R2 B2 L2 D' L2 B2
Ua,F2 D F B R2 F' U2 B2 D' F2 D2 B D2
Ua,F2 D' F2 D2 F R2 F' B' D B2 U2 B' D2
Ua,F' L2 D' L' B' D' B D' F' R2 D' F2 L'
Ua,D' F2 U D2 R2 U' R2 U' B2 U' B2 D' F2
Ua,L2 U' F2 B2 D' R2 D F2 B2 U' L2 U2 L2
Ua,L2 F2 L2 U L2 F2 L2 U' R' L F2 R L'
Ua,L2 D2 R D R2 D' R' D' L' F2 L D' L2
Ua,B U L2 U F' B L2 F B' U L2 U' B'
Ua,B' U2 L' B2 D' B' D2 L' D' F' L' F L'
Ua,F L U' R U' R' U' R U2 R' L' F'
Ua,D L2 U F' B L2 F B' U L2 U' D'
Ua,L' F' B' U2 B U' B' U' B U' F L
Ua,R F2 R L' U2 L' D' B2 D R2 L2 U' F2
Ua,R2 U F2 L2 D' B2 D' B2 D' B2 D' L2 F2
Ua,R2 L2 D R' L F2 R L' D R2 L2 U D2
Ua,R2 B2 D L2 U' L2 B2 R2 U' R2 U R2 D'
Ua,R' L U2 R L' U' R2 L2 D F2 D' R2 L2
Ua,F U' F' U2 D' B D F' D' L2 B' D F
Ua,F U' F' R F B2 U L U' L' F' B2 R'
Ua,F B U2 F B U R2 F2 R2 D' R2 L2 D
Ua,F2 R2 L2 B2 D' B D B R2 L2 F' U' F'
Ua,F2 D B2 D B2 D L2 F2 U' F2 L2 D F2
Ua,F2 D' R2 B2 D B2 R2 F2 D R2 D R2 D'
Ua,F2 B2 D' F2 L2 F2 U R' L' U2 R' L' D
Ua,F2 B2 D' L2 D F2 B2 U' F' B U2 F B'
Ua,F' U2 D' F' L' F L U2 D F L' U' L
Ua,F' U' L' U L F U' L F U F' U' L'
Ua,D' L2 U L2 U' D R L' U2 R' L U' F2
Ua,D' L2 D' L2 U D F' B L2 F' B' D F2
Ua,L U' L F2 B2 R' D R' D' R2 F2 B2 L2
Ua,L2 D' R2 U' R2 D' R2 U' R2 D' L2 U' D'
Ua,R U R U R' U2 F2 B2 D L' D' F2 B2 R'
Ua,R U R' F2 B2 D' L' D F2 B2 U2 R' U R
Ua,R F2 B2 D L D L' D2 F2 B2 U R' U' R'
Ua,R L U2 R L D R2 F2 R2 D' R2 L2
Ua,R2 L2 U' F B' L2 F' B U' R2 L2 D2
Ua,R2 L2 D' R2 B2 R2 D R L U2 R L
Ua,F D2 B2 D F B L2 B' D2 B2 D' F2
Ua,F L2 F2 U' B2 R2 F2 D' B R2 F' B
Ua,F' L' B L' B' D' L' D2 F' D' F2 L'
Ua,D B2 U R L' B2 R' L U B2 U2 D'
Ua,B2 D F' B' L2 F U2 B2 D' B2 U2 B'
Ua,B2 D' F2 D2 F' L2 F B D F2 D2 B
Ua,R2 U' F2 B2 D L2 D2 L2 D F2 B2 U' R2
Ua,R2 F2 B2 L2 D2 R D' R F2 B2 L' U L'
Ua,R2 L2 D' R' L B2 R L' U2 D R2 L2 D2
Ua,R' F' L F' L F L2 F R U' L U' L'
Ua,F L2 U' B2 R2 F2 D' R2 F' D2 F2 D2 B2
Ua,F2 U2 F2 D' R2 F2 U2 B2 L2 D2 B2 D F2
Ua,F2 B2 D L U2 R2 D2 R2 U2 L D F2 B2
Ua,F' L2 B D F U L2 U' F' D' L2 F B'
Ua,F' B L2 D' B' U' L2 U B D F L2 B'
Ua,D2 R2 L2 U2 D R L' F2 R' L D' R2 L2
Ua,D2 F2 B2 U' D2 R' L F2 R L' U F2 B2
Ua,D2 B2 U F2 R L' F2 B2 D2 R' L U' F2
Ua,L U L F2 B2 R' D' R' D2 R2 F2 B2 L2
Ua,L2 F' D' B' D' B2 D B D B L2 F B'
Ua,L' U' B' U B L U2 L F U F' U' L'
Ua,B2 D F2 U2 F2 R2 B2 U2 F2 L2 D' F2 D2
Ua,R2 U2 D R2 D' F2 U' R2 U' R2 U' F2
Ua,D R2 U F B' R2 F' B U R2 U D'
Ua,L' B' R B' R' D' B' D B' L2 U' L'
Ua,B' U' B2 L' D L' D' F' L' F L' B'
Ua,R U' R F2 B2 L' D L' D R2 F2 B2 L2
Ua,R L2 B2 D' R2 L U R2 L' B2 D R' L2
Ua,R2 U R2 U D' R L' U2 R' L U' F2 D
Ua,R2 U' F2 B2 D L2 D F' L2 F' B D2 B
Ua,R2 U' F' B U2 F B' U D' F2 U F2 D
Ua,R2 D R L B2 R' L D2 R2 D' L2 U' D2
Ua,R2 D' R2 U' R2 D' F2 L2 D F2 D R2 B2
Ua,R2 D' L2 U' L2 D' L2 U' L2 D' R2 U D'
Ua,R2 L2 D R B2 R' D R2 L2 U' L D2 L'
Ua,R' F' R U2 D2 L2 U' B' U L B L D2
Ua,R' L B2 R' L D B2 D R2 L2 U' F2 D2
Ua,F D2 F' U' F2 B2 D B L2 B' D F2 B2
Ua,F2 U F2 D' F2 B2 D R2 D' F2 B2 L2 D
Ua,F2 R2 L2 B2 D B D B R2 L2 F' U' F'
Ua,F2 D F2 U F2 L2 B2 U R2 B2 D' L2 D
Ua,F2 B2 U' R' L B2 R L' U' F2 B2 U' D2
Ua,F' B2 D L2 F2 B' U F2 B D' L2 F B2
Ua,D B2 R2 D' F2 U F2 B2 U' R2 U B2 R2
Ua,D2 B L B U L' U' B2 U2 D2 F R' F'
Ua,L' B' U' B2 L' B' L' F' D F' D' F2 L'
Ua,B' U' R' U R B U L F U F' U' L'
Ub,R U' R U R U R U' R' U' R2
Ub,R2 U2 F2 L2 B2 D' B2 L2 F2 U R2
Ub,R2 L2 D R L' F2 R' L D R2 L2
Ub,F2 U R L U2 R' L F2 L2 U' F2
Ub,F2 U' F' U' F2 U F U F U2 F
Ub,F2 D R2 F B' D2 L2 F' B D F2
Ub,F2 B U' R' L F2 R L' U' F2 B'
Ub,L U' L F2 B2 R' D R F2 B2 L2
Ub,R U' B R L' D' B D R' L B' R'
Ub,R L U2 D2 R' U R U2 D2 L' U' R'
Ub,R2 U' R2 U R2 B2 L2 D F2 D' L2 B2
Ub,R2 F B L2 F' B D L2 B2 R2 U' F2
Ub,R2 D' R2 D' F2 R2 B2 U' L2 B2 D R2
Ub,F U F' R2 D2 L2 B' L2 D2 R2 U' F'
Ub,F U' R2 F D2 L2 U2 B L2 U D2 F'
Ub,F2 U2 D R2 F' B U2 F B' U2 D' F2
Ub,F2 U' R2 F2 R2 U' R' L' U2 R L F2
Ub,F2 D R2 F2 U2 F2 R2 F2 U2 F2 D' F2
Ub,F' U B D L2 D' B' U' B' U2 F B
Ub,F' R' U D' F U2 F' U' D R U2 F
Ub,L U F U' F' R' L' F' U' F U R
Ub,L U L2 B L B R B R2 U R B
Ub,L U' R U2 D2 L' U L U2 D2 R' L'
Ub,L2 F2 U F2 U' F2 B2 D F2 D' B2 L2
Ub,B2 R2 D' F2 U F2 R2 B2 D L2 U' L2
Ub,R B L' B L D B D' B R2 U R
Ub,D L2 U' F' B L2 F B' U' L2 U' D'
Ub,D2 L2 U' F' B L2 F B' U' L2 U' D2
Ub,D' L2 U' F' B L2 F B' U' L2 U' D
Ub,L2 U F2 U F2 U L2 D F2 U2 D' F2
Ub,L2 U F2 U' D2 B2 U R2 D B2 D F2
Ub,L2 U2 D' L2 D F2 U L2 U L2 U F2
Ub,L2 D R2 D B2 U R2 U' D2 L2 U F2
Ub,B U B2 R D' R D F R F' R B
Ub,R B U B2 R B R F D' F D F2 R
Ub,R2 U B2 D B2 R2 D' R2 D' R2 F2 D F2
Ub,R2 F2 D' L2 D F2 R2 B2 D L2 U' L2 D'
Ub,R2 F2 D' L2 D' B2 L2 D F2 U F2 D F2
Ub,R2 D2 L2 D' B R2 U2 D2 L2 F' U' F2 D
Ub,R2 D2 L2 D' B L2 U2 D2 R2 F' U' F2 D
Ub,R2 D2 L2 D' B' R2 U2 D2 L2 F U' F2 D
Ub,R2 D2 L2 D' B' L2 U2 D2 R2 F U' F2 D
Ub,R L U2 R L D' R2 F2 R2 D R2 L2
Ub,R B2 D B D2 R D F R F' R B
Ub,R2 L2 U F' B R2 F B' U R2 L2 D2
Ub,F U2 F2 D F2 U2 B' R2 F B D' F2
Ub,F B' R2 F' U' B2 L2 F2 D' F2 L2 B'
Ub,F2 B2 D' F B' R2 F' B D' F2 B2 D2
Ub,F' L2 B2 U' L2 F2 R2 D' B' R2 F' B
Ub,R U R' U R' U' R2 U' R' U R' U R
Ub,R U B U' B' R' U2 R' F' U' F U R
Ub,R U' R F2 B2 L' D L' D2 R2 F2 B2 L2
Ub,R2 U F2 L2 B2 U' L2 F2 D2 F2 U D F2
Ub,R2 F D B D B2 D' B' D' B' R2 F' B
Ub,R2 F2 B2 L2 D2 L D L F2 B2 R' U' R'
Ub,R2 L2 D R' L B2 R L' U2 D' R2 L2 D2
Ub,F B' R2 F L2 F2 U' F2 L2 B2 D' F2 B'
Ub,F B' R2 D B U R2 U' B' D' F' R2 B
Ub,F2 B2 U D2 R' L F2 R L' U' F2 B2 D2
Ub,F2 B2 D' R U2 L2 D2 L2 U2 R D' F2 B2
Ub,F' B2 U' R2 F2 L2 D' F2 R2 B L2 F B'
Ub,D2 B2 U R' L D2 F2 B2 R L' B2 U' F2
Ub,D2 B2 U F2 U2 R' L B2 U2 R L' U' F2
Ub,D2 B2 U' R L' U2 F2 R' L U2 B2 U F2
Ub,D2 B2 U' F2 R L' F2 B2 D2 R' L U F2
Ub,D' B2 D F2 U' D2 B2 D B2 U B2 D F2
Ub,L2 U F2 B2 D' R2 D2 R2 D' F2 B2 U L2
Ub,R F B U2 B' U B U B' U F' R'
Ub,F' R' U L' U L U L' U2 R L F
Ub,D R2 U' F B' R2 F' B U' R2 U D'
Ub,R U R F2 B2 L' D' L' D R2 F2 B2 L2
Ub,R F2 R L' U2 L' D B2 D' R2 L2 U F2
Ub,R2 U F2 B2 D' L2 U2 D F B' R2 F B'
Ub,R2 U F' B U2 F B' U D' F2 U' F2 D
Ub,R2 U' R2 U D' R L' U2 R' L U F2 D
Ub,R2 D R2 D2 R' L F2 R L D' L2 U' D2
Ub,R' D' L F2 D R D' L' U2 D R U R'
Ub,R' L U2 R L' U R2 L2 D' F2 D R2 L2
Ub,F U R U' R' F' U R' F' U' F U R
Ub,F2 R2 L2 B2 D B D' B R2 L2 F' U F'
Ub,F2 D L2 B2 D' B2 L2 F2 D' L2 D' L2 D
Ub,F2 D' B2 D' B2 D' R2 F2 U F2 R2 D' F2
Ub,F2 B2 U R L' F2 R' L U F2 B2 U' D2
Ub,F2 B2 D F2 R2 F2 U R' L' D2 R' L' D
Ub,F' U F U2 D B' D' F D R2 B D' F'
Ub,F' U F R' U2 D' F' R' F R U2 D R
Ub,D R2 D' R L F2 R L' U' D' F2 D F2
Ub,D L2 B2 D' R2 U R2 B2 L2 U L2 U' L2
Ub,D B2 U' B2 U B2 L2 F2 U F2 D' L2 B2
Ub,D B2 D' B2 D' R2 B2 L2 D' L2 B2 D R2
Ub,L2 U' F2 R2 D B2 D B2 D B2 D R2 F2
Ub,B R L2 F U F' U' R' L2 B' R U R'
V,R U D2 L' U L U2 F2 D R D' F2 D2 R'
V,R U' R U R' D R D' R F2 U F2 U' R2
V,R U' R U F R F2 U F U' F R' F' R'
V,R F R F' U F' U' F2 R' F' U' R' U R'
V,R D2 F2 D R' D' F2 U2 L' U' L U' D2 R'
V,R2 U F2 U' F2 R' D R' D' R U' R' U R'
V,F' U B' U F U2 L F R2 F' R2 L' U B
V,F' U' D2 B U' B' U2 R2 D' F' D R2 D2 F
V,F' D2 R2 D' F D R2 U2 B U B' U D2 F
V,L U F2 B' R' F2 R B U2 R U L' U R'
V,R2 U' B2 D2 L2 D F2 D' L2 F2 D2 B2 D' F2 D
V,R2 F2 B' U B U R2 U' R2 U' F2 R2 B' U' B
V,R' L2 U L U' L' U2 B2 D' R' D B2 U2 R L2
V,R' B' L2 B U' R' U R' U' R' U R' B' L2 B
V,F B2 U' B' U B U2 L2 D F D' L2 U2 F' B2
V,F2 R2 L U' L' U' F2 U F2 U R2 F2 L U L'
V,F' U2 F U2 L U' R U R' L' F' L' U L F
V,F' L' U' L F R L U' R' U L' U2 F' U2 F
V,D R2 D B2 U2 L2 U' B2 D' R2 B2 U2 B2 D' F2
V,D' F2 D B2 D2 F2 L2 D F2 D' L2 D2 B2 U R2
V,L U' L' F2 R2 U' F2 U' F2 U L U R2 L' F2
V,L U' B2 D' B D B2 L2 F U F' L2 B' U L'
V,B U' F' U B' U' B U' F U B' U2 F' U2 F
V,B' U L' B2 R' U R B2 L2 D L D' L2 U' B
V,B' U B R2 F2 U R2 U R2 U' B' U' F2 B R2
V,F2 U F2 U2 R2 D' L2 D' B2 L2 D2 R2 U' F2
V,R U' L U R' F2 R' F2 R U2 R U L' U R'
V,R B' R F2 U R2 U R2 U' R B R' U' F2 R2
V,R2 U2 R2 U B2 U2 R2 U R2 U B2 U2 R2 U' R2
V,R2 U2 B2 U R' L' B2 R L B2 U R2 B2 U2 B2
V,R2 F' U' F2 D R D' B2 L' D L B2 R' F' R2
V,R2 D2 L2 D' B2 U2 L2 D' R2 D' F2 U2 R2 D R2
V,R2 B R D2 R U' R' D2 R' B' R2 U F' U2 F
V,F U2 F D F' U2 R2 B U' B' R2 U' F2 D' F
V,F U2 F2 L' U' L F2 R U R2 D R' D' R2 F'
V,F U2 F' U L2 B' L' D2 L' U' L D2 L B L2
V,F R' F U' F U F2 R2 F R' U' F R F2 R'
V,F2 U2 B2 L2 U' R2 F2 L2 B2 D2 L2 D' B2 D2 R2
V,F2 D' F2 U2 L2 U L2 U2 D F2 R2 U2 R2 U' F2
V,F2 D' F2 U' D' B2 D L2 U' L2 F2 D2 B2 D' F2
V,F' U' F U' B2 L2 F D F' L2 B2 U B' R2 B
V,F' L2 D' L' D L2 U L F2 R U' R' F2 U2 F
V,D2 L2 U F2 U2 F2 L2 D F2 U' F2 U2 R2 D R2
V,D2 L2 U B2 D2 R2 U' R2 D B2 R2 D2 L2 D R2
V,L2 F2 U' L' B L U' L2 U L2 U F2 L B' L
V,L' F2 L F U' L' F L2 F2 U F U' F L' F
V,B L2 B' U B2 R2 F' D F R2 B2 U' F U' F'
V,B2 U2 B2 L2 U R L B2 R' L' B2 U B2 U2 L2
V,B2 U' D' F D F' U F D' R2 F' D B U2 B
V,B2 D' F R2 F2 U F D' F' U' F D2 B U2 B
V,L U2 L2 B' U' B L2 F U F2 L' F2 U' F'
V,L' U' L2 F' L2 U L F2 R U' R' F2 U2 F
V,B U B2 R B2 U' B' R2 F' U F R2 U2 R'
V,B' U2 B2 L U L' B2 R' U' R2 B R2 U R
V,R' F2 D2 L' D L' D' L D2 F2 R U R U' R'
V,R' F2 D' L' D F2 R2 U2 R' U' F2 D' L' D F2
V,F R2 D B D' R2 F2 U2 F U R2 D B D' R2
V,F R2 D2 B D' B D B' D2 R2 F' U' F' U F
V,D B2 U R2 D2 F2 D' L2 D F2 L2 U2 L2 D R2
V,D B2 U L2 U2 L2 B2 U B2 U' B2 D2 R2 D R2
V,D' L2 U' F2 D2 R2 D B2 D' R2 B2 U2 B2 D' F2
V,D' L2 U' B2 U2 B2 L2 U' L2 U L2 D2 F2 D' F2
V,L U L' U' L' B2 D2 R' D R D' R D2 B2 L
V,L F L2 B L' B' L' F' L' U2 F' U F' U' F
V,L2 D F' D' L2 U' B' U2 B2 L2 D F' D' L2 B'
V,L2 D' R2 U2 R2 B2 U' B2 D L2 D2 F2 D' F2 D'
V,L2 D' L U' L' B2 D L U' L F2 D R' D' F2
V,L2 D' L2 D2 F2 U F2 U' F2 R2 U2 R2 U' F2 D'
V,L2 D' L' D L B2 U' L' D L' F2 U' R D' F2
V,L2 D' B U' L2 F' D F' U' R2 F D F' D' F2
V,B2 D L D' B2 R' U R' D' F2 R U R' D R2
V,B2 D L' U B2 R D' R U F2 R' D' R D R2
V,B2 D' R D B2 U L U2 L2 B2 D' R D B2 L
V,B' U B U' B U2 R B R F R F' R2 B' R'
V,B' U' B U B L2 D2 F D' F' D F' D2 L2 B'
V,R2 U F2 D2 L2 U' L2 D F2 L2 U2 L2 D R2
V,R2 U B2 U2 B2 R2 D B2 U' B2 D2 R2 D R2
V,R U R' U L2 B2 R' D' R B2 L2 U' L F2 L'
V,R B2 D B D' B2 U' B' R2 F' U F R2 U2 R'
V,R2 U2 L2 B2 U F2 R2 B2 L2 D2 B2 D L2 D2 F2
V,R' U2 R U' B2 L B D2 B U B' D2 B' L' B2
V,R' U2 R2 B U B' R2 F' U' F2 D' F D F2 R
V,R' U2 R' D' R U2 F2 L' U L F2 U R2 D R'
V,F2 U2 F2 U' L2 D2 B2 U' B2 D L2 D2 F2 D' F2
V,F2 U2 L2 U' F B L2 F' B' L2 U' F2 L2 U2 L2
V,F2 R U R2 D' F' D L2 B D' B' L2 F R F2
V,F2 D2 B2 D L2 U2 B2 U L2 U' B2 U2 L2 D F2
V,F2 L' F' D2 F' U F D2 F L F2 U' R U2 R'
V,F' U B' U' F R2 F R2 F' U2 F' U' B U' F
V,F' L F' R2 U' F2 U' F2 U F' L' F U R2 F2
V,D2 B2 U' R2 U2 R2 B2 D' R2 U R2 U2 F2 D' F2
V,L2 U D R' D' R U' R' D F2 R D' L' U2 L'
V,L2 U2 L2 B2 U' F' B' L2 F B L2 U' L2 U2 B2
V,L' U2 L' D2 R' U R D R' U' R2 B2 R' D L2
V,L' B2 L U' L2 F2 R D' R' F2 L2 U R' U R
V,B U' F U' F' L2 F' L2 F U2 F U' F' U B'
V,B R2 B' R' U B R' B2 R2 U' R' U R' B R'
V,B2 R2 U B L' B' U B2 U' B2 U' R2 B' L B'
V,B2 D L2 U' F2 U F2 D2 R2 D L2 D' R2 D B2
V,B2 D' B2 U2 R2 U R2 D' F2 R2 U2 R2 U' F2 D2
Y,R2 U' F2 D' F2 U F D F' R2 B U' B'
Y,F2 U R2 D R2 U' R' D' R F2 L' U L
Y,L2 U' L2 B L' F' D' L D B' L' F L
Y,L' U' L F2 R' D R U R2 D' R2 U' F2
Y,B U B' R2 F D' F' U' F2 D F2 U R2
Y,B R B' L' D B D' R' B' L B2 U' B2
Y,R2 U' F2 R F' R' F' U R2 L' B' U' B L
Y,R2 D2 L' F L2 F' L' D R' D B R' U' B'
Y,R' L' B' U2 R U' R' U' B R B' U' B L
Y,F B L U2 F' U F U L' F' L U L' B'
Y,F2 D B2 R' D' R F D B2 D' F L' U L
Y,D L2 U' F U L F' L2 B' U B L2 D' L
Y,D B D' B2 L U L' B2 R' B U R U' B2
Y,D' L' D L2 B' U' B L2 F L' U' F' U L2
Y,D' B2 U R' U' B' R B2 L U' L' B2 D B'
Y,L' U B2 R' U' R B2 L U' L2 D L' D' L'
Y,L' U' F' L D F' D B' R' B2 R B' D2 F2
Y,L' F' B' L2 B D' B D B2 L2 F U B L
Y,L' B' U B U B' U' L' U' L B L' U L2
Y,B U R B' D' R D' L F L2 F' L D2 R2
Y,B U B' R D' L2 D R F D' F' L2 D R2
Y,B L U R' U' R L U2 R' U' R U2 L2 B'
Y,B2 U R2 F2 D' F' D F' R2 B U' B' U' B2
Y,B2 U B U' B' U R B L' B L B R' B'
Y,B2 D B2 U' B L2 F U' F' L2 U B2 D' B
Y,R2 U R2 U R2 U2 B L B' R2 B L' B'
Y,B' R' B L2 B' R B U2 L2 U L2 U L2
Y,R U R' B2 R U' R' U' B2 D L2 U L2 D'
Y,R U' L U2 R' U R2 D R' U2 R D' R2 L'
Y,R' F' U2 F U' F' L' U' L2 F' L' F2 U2 R
Y,L2 U L2 U2 B2 U' B2 U' B2 U2 B2 L2 U' L2
Y,R U' R' U' B U2 B2 U R U' R' U' B2 U' B'
Y,R B R B2 L2 D' R D' L D2 R2 B' L B2 R'
Y,R B2 L' U D' R2 D' R' D2 R' U' B2 R' B2 L
Y,R2 D2 B2 U F2 U D F2 U F2 D F2 B2 U R2
Y,F2 R' F D2 F U F' D2 F' R F2 U R' U2 R
Y,F' D2 B U B' D2 B2 U' F U B2 U2 B U B'
Y,D' R U' D L2 U2 R' U R U2 L D' R' D L
Y,D' R2 D R' U' R B2 L' D L' U' F2 L2 D' B2
Y,D' B2 U' B2 U2 D L2 U B U B' L2 B U' B'
Y,L F R' F' L2 F R F' L' U2 L2 U L2 U L2
Y,L2 F L' B2 R D R' B2 D' L D F2 U' F L2
Y,B U B2 D' B U F' U2 B' U F U' R2 D B
Y,B2 U F D2 F D2 F2 R2 B U2 B' U2 R2 U' B2
Y,B2 U D F2 D' L2 D' R2 L2 U' B2 D F2 U2 L2
Y,B2 U' B2 U' B' D F' D' L2 B2 L2 D F D' B'
Y,B2 D' B R2 B R2 F' U2 F U B' D B2 U' B'
Y,B' U2 L2 D L U' L' D' L2 U' B U' L' U' L
Y,B' D' R2 U F' U' F R2 B U' B' D B2 U' B'
Y,B' D' F D R2 B2 R2 D' F' D B' U' B2 U' B2
Y,R2 U R2 F2 U B U' F U2 B' U F U' R2
Y,R2 U' R2 D' F2 U2 L' B' L F2 L' B L D
Y,R2 D' F2 L F' L' F' D R U2 R B U' B'
Y,R' U R U2 R2 L' D2 R U R' D2 R2 U' L
Y,F U' F' U2 F2 B D2 F' U' F D2 F2 U B'
Y,F R F' L2 F R' F' U2 L2 D' B2 U' B2 D
Y,L2 U B' U' F U2 B' U F' U' B2 L2 U' L2
Y,R B2 R' B2 R2 U' R' B2 L' B2 R' D B2 D' L
Y,R' D F2 D' L F2 R F2 L U L2 F2 L F2 L'
Y,F U F2 U2 B U F' L2 F2 L2 B' U2 B U B'
Y,F R2 B D' F' U2 F' L2 U2 F' D F2 U' B' R2
Y,F D' R2 D B' R2 F' R2 B' U' B2 R2 B' R2 B
Y,F2 U D F R' F' R U' D' F' U F' L' U2 L
Y,F2 U L2 D2 F2 U' R2 D L2 D2 R2 F2 U L2 D'
Y,F2 U L' U' F' L F2 R U' R' F2 D F' U2 D'
Y,F2 D2 R2 U' R2 U2 F2 D B2 D' F2 B2 D' F2 D'
Y,D' F2 U2 L2 U R2 U2 F2 D R2 U F2 B2 U R2
Y,L2 U F D F' L2 F D' F' B2 U B2 L2 U' L2
Y,L2 D' R2 U2 D L2 D F D F' R2 B U' B' D2
Y,L' U B U L2 U' L B' L' U L2 B' U' B L
Y,B D B R' U' L U2 R U L' B D' B U B2
Y,B2 U L2 U B' R B' L2 B R' B' U2 B2 U' L2
Y,B2 U' R' D' R B2 R' D R L2 U' L2 B2 U B2
Y,B2 R' U' L2 D L' U2 F2 L' U2 L' D' R B2 L
Y,B2 D F2 B2 U L2 U' B2 D2 R2 U' B2 D2 L2 D'
Y,F2 U' F2 U' F2 U2 L' B' L F2 L' B L
Y,L F L' B2 L F' L' U2 B2 U' B2 U' B2
Y,R2 U F2 B2 D B2 U' R2 U2 B2 D L2 D2 B2
Y,F R U2 R' U R B U B2 R B R2 U2 F'
Y,F B2 D B' U2 B D' B2 U' B U2 F' U B'
Y,R U2 R' U' R2 F2 L' B2 L' D' R2 B2 L' F2 L'
Y,R D2 L' U' L D2 L2 U R' U' L2 U2 L' U' L
Y,R2 F R' D2 R' U' R D2 R F' R2 U' F U2 F'
Y,R' U2 L' B2 D2 L' D' L D2 R2 D' R' D2 L B2
Y,F D' F2 U L2 B' U' B L2 F D' L2 D L2 D
Y,D F2 U' R2 B2 U R D' R F2 L' U L U L2
Y,D L2 U L2 U2 D' B2 U' L' U' L B2 L' U L
Y,L2 U L2 D F2 U2 R B R' F2 R B' R' U' D'
Y,L' U B2 L B2 R U R2 U R F2 L F2 U L'
Y,L' B2 L2 F2 R' D2 L D' R2 D R' B2 L' F2 L'
Y,B L2 F U' F' L2 U B R2 B D' B' D R2 B2
Y,B L2 F' L B2 D2 F' D B' D F2 L2 B' L' B'
Y,B2 U R D2 L2 D' L2 D' B R' U' L' B2 L B'
Y,B2 R' B L2 F' D' F L2 D B' D' R2 U R' B2
Y,B2 D2 L2 D' F' B' L2 F B L2 D' B2 R2 U2 R2
Y,B2 D' F2 D' R' L D2 B2 R' U' R U2 L' U R
Y,B' U2 R' U F2 L F L' F R U R' U2 R B
Y,B' U2 F R2 D B U2 B U B2 U D' B U2 F'
Y,B' U2 B U' R2 B' R D2 R U' R' D2 R' B R2
Y,B' R' F R B2 R' F' R B U2 B2 U' B2 U' B2
Z,R L' U2 D2 R L' D R2 L2 U' F2 B2
Z,R2 U R2 U' R2 F2 R2 U' F2 U R2 F2
Z,R2 U L2 F2 U' B2 R2 F2 D' B2 U' R2
Z,R2 L2 U' F2 B2 D F B' U2 D2 F B'
Z,F2 U' F2 U F2 R2 F2 U R2 U' F2 R2
Z,F2 U' B2 R2 U L2 F2 R2 D L2 U F2
Z,R U R' F2 U' L' U L F2 U R U2 R'
Z,R U2 R' U R B2 U L U' L' B2 U R'
Z,R U' B2 L U L' U' B2 R' U' R U2 R'
Z,R L' F' U2 D2 F U2 D2 F' R' L U' D2
Z,R2 U' R U R B2 R' D' R D B2 U' R
Z,R2 F2 B2 L2 D2 F2 B2 U' F2 B2 D' F2 B2
Z,R2 L2 U2 D R L' F2 B2 R' L D R2 L2
Z,R2 L2 U2 D R2 L2 U R L' F2 B2 R' L
Z,R2 L2 D' R2 L2 U' R2 L2 D2 F2 R2 L2 B2
Z,R' U B2 D' R' D R B2 R' U' R' U R2
Z,F U' L2 D F D' F' L2 F U F U' F2
Z,F B' R2 L2 F' B U F2 B2 U2 D F2 B2
Z,F2 U F' U' F' L2 F D F' D' L2 U F'
Z,F2 R2 L2 B2 D2 R2 L2 U R2 L2 D R2 L2
Z,F2 B2 U2 D' F B' R2 L2 F' B D' F2 B2
Z,F2 B2 D F2 B2 U F2 B2 D2 R2 F2 B2 L2
Z,F' U L2 B' U' B U L2 F U F' U2 F
Z,F' U2 F U R2 B U B' U' R2 F' U F
Z,F' U2 F U' F' L2 U' B' U B L2 U' F
Z,R L' F U2 D2 F' U2 D2 F R' L D2
Z,R B' R' F B R' F B' R' B R F2
Z,F2 L B L' F B' L' F B L' B' L
Z,R L' U2 D2 R L' U' F2 B2 U R2 L2 D'
Z,R2 U R2 F2 U' F2 D' F2 L2 U L2 D F2
Z,R2 U' R2 D B2 L2 B2 U L2 U' B2 L2 D'
Z,R2 F2 R2 L2 B2 L2 D' F2 B2 D' F2 B2 D
Z,R2 L2 U R L' U2 D2 R L' D' F2 B2 D'
Z,R2 L2 U F2 B2 U' R L' U2 D2 R L' D'
Z,R2 L2 F B' R F2 B2 L' U2 D2 L' F B'
Z,R2 L2 D R2 L2 D' F B' R2 L2 F' B D'
Z,F B' R' U2 D2 R' F2 B2 L F B' R2 L2
Z,F2 R2 L2 B2 U F2 B2 U' F2 B2 U' R2 L2
Z,F2 D R2 U R2 F2 D' F2 U' F2 L2 U L2
Z,F2 B2 D' F2 B2 D' R2 F2 R2 L2 B2 L2 D
Z,D' R2 B2 U' R2 U B2 R2 B2 D L2 U' L2
Z,R D2 L' B R2 L2 F' R' L2 F2 R' B' R' L
Z,R D2 L' B' R L' B' R U2 D2 L2 F2 R F
Z,R L' B' R F2 R L2 F' R2 L2 B L D2 R'
Z,R2 U' R2 D' F2 R2 U F2 U F2 R2 D' F2 D2
Z,R2 F2 B2 L2 U R2 L2 U R2 L2 U' D2 F2 B2
Z,R2 L2 U F B' R2 L2 F' B U' R2 L2 U D2
Z,R' L F' R2 L2 B' R2 L2 F' R' L D2 R2 L2
Z,F U2 D' F2 U' F' U2 D' B L2 B' U D2 F'
Z,F R2 L' B2 R' B' R2 L' F D2 F' R L2 F'
Z,R2 F2 R2 L2 B2 L2 U R2 L2 D R2 L2
Z,R2 L2 D' R2 L2 U' R2 F2 R2 L2 B2 L2
Z,R L' F2 B2 R' L U' R2 L2 D R2 L2 D2
Z,R L' F' U2 D2 F U2 D2 F' R' L U D2
Z,R2 L2 U' F B' R2 L2 F' B U R2 L2 D2
Z,F B' R2 L2 F' B U F2 B2 D' F2 B2 D2
Z,F B' L U2 D2 L' U2 D2 L F' B U' D2
Z,F2 B2 U R L' F2 B2 R' L U' F2 B2 D2
Z,F2 B2 D F2 B2 U' F B' R2 L2 F' B D2
Z,R D2 R L2 D' R2 L2 U L B2 R' F2 R L'
Z,R L U2 D2 R L D' R2 F2 B2 R2 D' R2 L2
Z,R L' U2 D2 R L' U F2 B2 U' R2 L2 U D
Z,R L' U2 D2 R L' U2 D' R2 L2 U' F2 B2 D2
Z,R2 U R2 U R2 F2 U' R2 U' R2 F2 D R2 D'
Z,R2 U R2 U D2 L2 B2 L2 U' B2 U L2 B2 D2
Z,R2 U R2 D' F2 L2 F2 U' L2 U F2 L2 U D
Z,R2 U' R2 B2 U B2 U R2 B2 U' B2 D' R2 D
Z,R2 F2 R2 U' R2 L2 U' F2 B2 U' F2 L2 F2 D'
Z,R2 F2 R2 U' D F2 L2 F2 U F2 B2 U R2 L2
Z,R2 F2 R2 L2 F2 R2 D' R2 L2 U' R2 F2 B2 R2
Z,R2 F2 B2 R2 U R2 F2 R2 L2 F2 R2 D R2 L2
Z,R2 F2 B2 R2 U' R L U2 D2 R L D' R2 L2
Z,R2 F2 B2 L2 U D' R2 L2 U' R2 L2 U' F2 B2
Z,R2 D F2 R2 U D2 R2 F2 L2 D' R2 D' L2 D2
Z,R2 D L2 U F2 R2 B2 U2 D' L2 B2 D' L2 D2
Z,R L' F' U2 D2 F U2 D2 F' R' L D2
Z,R' F R F' B' R F B' R F' R' B2
Z,F2 R' B' R F' B R F' B' R B R'
Z,B2 L' F' L F B' L F' B' L F L'
Z,R L' U2 D2 R L' U F2 B2 U' R2 L2 D
Z,R L' F2 B R2 L2 F R2 L2 B' R' L D2
Z,R2 U R2 D' F2 L2 F2 U' L2 U F2 L2 D
Z,R2 U' R2 B2 U B2 D B2 L2 U' L2 D' B2
Z,R2 F2 U R2 U' F2 R2 F2 D' L2 U L2 D
Z,R2 F2 R2 L2 B2 L2 D F2 B2 D F2 B2 D'
Z,R2 F2 B2 L2 D' F2 B2 U' F2 B2 D' F2 B2
Z,R2 L2 U F2 B2 U F2 B2 U' F2 R2 L2 B2
Z,R2 L2 U' R L' U2 D2 R L' D F2 B2 D
Z,R2 L2 U' F2 B2 U R L' U2 D2 R L' D
Z,R2 L2 F B' R' F2 B2 L U2 D2 L F B'
Z,R2 L2 D' R2 L2 D F B' R2 L2 F' B D
Z,R' L F' R2 L2 F2 B' R2 L2 F' R L' D2
Z,F B' R U2 D2 R F2 B2 L' F B' R2 L2
Z,F B' R2 L2 F' B D R2 L2 D' R2 L2 D
Z,F2 R2 F2 U F2 B2 D F2 B2 U B2 L2 B2
Z,F2 D' L2 U' L2 F2 D F2 U F2 R2 U' R2
Z,F2 B2 D F2 B2 D R2 F2 R2 L2 B2 L2 D'
Z,F2 B2 D' F2 B2 U' F2 B2 D' R2 F2 B2 L2
Z,D L2 U L2 D' B2 R2 B2 U' R2 U B2 R2
Z,D L2 B2 U L2 U' B2 L2 B2 D' R2 U R2